,game_id,round_id,player_id,action,value,chat_visible,others_visible,time_stamp
0,001,1,1,item,hare,true,true,2024-04-13 18:59:35.824119
1,001,1,1,chat,hi,true,true,2024-04-13 18:59:44.564477
2,001,1,2,chat,hi,true,true,2024-04-13 18:59:49.54819
3,001,1,1,chat,let's take this goat dude,true,true,2024-04-13 18:59:54.309877
4,001,1,2,chat,i did,true,true,2024-04-13 19:00:11.055472
5,001,1,1,chat,press the space bar,true,true,2024-04-13 19:00:12.13254
6,001,1,2,item,stag,true,true,2024-04-13 19:00:17.914298
7,001,2,2,item,stag,true,true,2024-04-13 19:00:23.884826
8,001,3,2,item,stag,true,true,2024-04-13 19:00:30.902839
9,001,4,1,item,stag,true,true,2024-04-13 19:00:36.370456
10,001,5,2,item,stag,true,true,2024-04-13 19:00:39.000535
11,002,1,2,item,hare,false,false,2024-04-13 19:00:40.107482
12,002,1,1,item,hare,false,false,2024-04-13 19:01:48.476427
13,002,2,1,item,stag,false,false,2024-04-13 19:01:53.383273
14,002,3,1,item,hare,false,false,2024-04-13 19:02:03.666989
15,002,3,2,item,stag,false,false,2024-04-13 19:02:12.385027
16,002,4,1,item,hare,false,false,2024-04-13 19:02:17.29114
17,002,4,2,item,stag,false,false,2024-04-13 19:02:20.739953
18,002,5,1,item,hare,false,false,2024-04-13 19:02:24.293273
19,002,5,2,item,stag,false,false,2024-04-13 19:02:44.295721
20,003,1,1,item,stag,true,false,2024-04-13 19:03:32.462557
21,003,2,1,item,hare,true,false,2024-04-13 19:03:40.127224
22,003,2,1,chat,halo,true,false,2024-04-13 19:04:14.088353
23,003,2,2,item,hare,true,false,2024-04-13 19:04:28.770572
24,003,3,1,item,stag,true,false,2024-04-13 19:04:31.409371
25,003,4,1,item,hare,true,false,2024-04-13 19:04:36.813613
26,003,4,2,item,stag,true,false,2024-04-13 19:04:38.657936
27,003,5,1,item,hare,true,false,2024-04-13 19:04:42.009819
28,003,5,2,item,hare,true,false,2024-04-13 19:04:55.389189
29,004,1,2,item,hare,true,true,2024-04-13 19:02:14.598573
30,004,1,1,chat,stag every round?,true,true,2024-04-13 19:02:45.936425
31,004,1,2,chat,How do we move to the next round?,true,true,2024-04-13 19:03:26.478044
32,004,1,1,chat,hello? come next to it,true,true,2024-04-13 19:03:32.016929
33,004,1,2,chat,I did,true,true,2024-04-13 19:03:40.799737
34,004,1,1,chat,we have to be adjacent to the animal,true,true,2024-04-13 19:03:43.071066
35,004,1,1,chat,go left one,true,true,2024-04-13 19:03:47.304658
36,004,1,2,chat,next to all of them,true,true,2024-04-13 19:03:50.480847
37,004,1,1,chat,come next to the stag and press spacebar,true,true,2024-04-13 19:04:01.606623
38,004,1,2,chat,it doesn't disappear,true,true,2024-04-13 19:04:03.127908
39,004,1,1,item,stag,true,true,2024-04-13 19:04:20.37933
40,004,2,1,chat,GO ON TOP,true,true,2024-04-13 19:04:29.435277
41,004,2,1,item,stag,true,true,2024-04-13 19:04:35.880044
42,004,3,1,chat,we go this,true,true,2024-04-13 19:04:46.621038
43,004,3,1,item,stag,true,true,2024-04-13 19:05:03.145856
44,004,4,1,chat,next to it,true,true,2024-04-13 19:05:18.556433
45,004,4,1,item,stag,true,true,2024-04-13 19:05:20.398847
46,004,5,1,item,stag,true,true,2024-04-13 19:05:23.507953
47,005,1,1,item,hare,false,true,2024-04-13 19:05:14.052263
48,005,1,2,item,hare,false,true,2024-04-13 19:05:17.580676
49,005,2,2,item,hare,false,true,2024-04-13 19:05:22.079625
50,005,2,1,item,stag,false,true,2024-04-13 19:05:28.424542
51,005,3,1,item,stag,false,true,2024-04-13 19:05:34.993361
52,005,4,1,item,stag,false,true,2024-04-13 19:05:37.369799
53,005,5,2,item,stag,false,true,2024-04-13 19:05:40.561438
54,005,5,1,item,stag,false,true,2024-04-13 19:05:40.637564
55,006,1,1,item,hare,false,true,2024-04-13 19:05:39.525741
56,006,1,2,item,stag,false,true,2024-04-13 19:05:47.124506
57,006,2,2,item,stag,false,true,2024-04-13 19:05:53.200089
58,006,3,1,item,hare,false,true,2024-04-13 19:05:57.064584
59,006,3,2,item,stag,false,true,2024-04-13 19:06:03.368779
60,006,4,1,item,stag,false,true,2024-04-13 19:06:07.580636
61,006,5,1,item,hare,false,true,2024-04-13 19:06:12.190344
62,006,5,2,item,stag,false,true,2024-04-13 19:06:25.004394
63,007,1,1,item,stag,true,true,2024-04-13 20:42:42.597651
64,007,2,1,item,stag,true,true,2024-04-13 20:42:49.767116
65,007,3,1,item,stag,true,true,2024-04-13 20:42:55.465518
66,007,4,2,item,stag,true,true,2024-04-13 20:43:10.477958
67,007,5,1,item,stag,true,true,2024-04-13 20:43:15.813493
68,007,5,2,item,stag,true,true,2024-04-13 20:43:19.087652
69,008,1,1,item,hare,false,false,2024-04-13 20:43:41.894517
70,008,1,2,item,hare,false,false,2024-04-13 20:43:59.062247
71,008,2,1,item,hare,false,false,2024-04-13 20:44:02.505549
72,008,2,2,item,hare,false,false,2024-04-13 20:44:03.969786
73,008,3,2,item,hare,false,false,2024-04-13 20:44:08.338818
74,008,3,1,item,hare,false,false,2024-04-13 20:44:11.356974
75,008,4,1,item,hare,false,false,2024-04-13 20:44:17.351814
76,008,4,2,item,hare,false,false,2024-04-13 20:44:19.614476
77,008,5,1,item,hare,false,false,2024-04-13 20:44:20.519716
78,008,5,2,item,stag,false,false,2024-04-13 20:44:30.451746
79,009,1,2,item,hare,false,false,2024-04-13 20:43:40.332423
80,009,1,1,item,hare,false,false,2024-04-13 20:44:04.343077
81,009,2,2,item,hare,false,false,2024-04-13 20:44:12.635821
82,009,2,1,item,hare,false,false,2024-04-13 20:44:17.958465
83,009,3,2,item,hare,false,false,2024-04-13 20:44:22.828913
84,009,3,1,item,stag,false,false,2024-04-13 20:44:26.76046
85,009,4,2,item,hare,false,false,2024-04-13 20:44:30.118705
86,009,4,1,item,stag,false,false,2024-04-13 20:44:33.838789
87,009,5,2,item,stag,false,false,2024-04-13 20:44:37.309181
88,010,1,1,item,hare,true,true,2024-04-13 20:44:43.898567
89,010,1,2,chat,COme and stand above the blue square,true,true,2024-04-13 20:44:59.400209
90,010,1,2,item,stag,true,true,2024-04-13 20:45:12.388318
91,010,2,1,item,hare,true,true,2024-04-13 20:45:40.632442
92,010,2,2,chat,Stand next to the blue square and press space bar :),true,true,2024-04-13 20:45:58.383036
93,010,2,1,chat,what do i do,true,true,2024-04-13 20:46:01.829384
94,010,2,2,chat,Move next to the blue square and press space,true,true,2024-04-13 20:46:23.655868
95,010,2,2,item,stag,true,true,2024-04-13 20:46:32.904933
96,010,3,1,item,stag,true,true,2024-04-13 20:46:38.166443
97,010,4,2,item,stag,true,true,2024-04-13 20:46:43.356144
98,010,5,1,item,stag,true,true,2024-04-13 20:46:46.113185
99,011,1,1,chat,Hey!,true,false,2024-04-13 20:45:28.459523
100,011,1,2,chat,hi,true,false,2024-04-13 20:45:29.964639
101,011,1,2,chat,are you a bot ?,true,false,2024-04-13 20:45:35.227104
102,011,1,1,chat,nope,true,false,2024-04-13 20:45:38.843656
103,011,1,1,chat,Im from Hungary,true,false,2024-04-13 20:45:46.315544
104,011,1,1,chat,can we get the stag?,true,false,2024-04-13 20:45:54.645773
105,011,1,2,chat,ye,true,false,2024-04-13 20:46:02.42471
106,011,1,1,chat,lesgo,true,false,2024-04-13 20:46:06.947212
107,011,1,1,item,stag,true,false,2024-04-13 20:46:12.789606
108,011,2,1,chat,stag again?,true,false,2024-04-13 20:46:21.885942
109,011,2,2,chat,ye,true,false,2024-04-13 20:46:24.863608
110,011,2,1,item,stag,true,false,2024-04-13 20:46:29.272349
111,011,3,2,chat,again and again xD,true,false,2024-04-13 20:46:40.403444
112,011,3,1,chat,again?,true,false,2024-04-13 20:46:40.64298
113,011,3,1,chat,xdd,true,false,2024-04-13 20:46:43.729536
114,011,3,1,item,stag,true,false,2024-04-13 20:47:05.050167
115,011,4,1,chat,just the usual,true,false,2024-04-13 20:47:18.476528
116,011,4,2,chat,ye,true,false,2024-04-13 20:47:22.077995
117,011,4,1,chat,noice,true,false,2024-04-13 20:47:26.045873
118,011,4,1,item,stag,true,false,2024-04-13 20:47:29.045155
119,011,5,2,chat,btw. where are you from ?,true,false,2024-04-13 20:47:36.567823
120,011,5,1,chat,From Szeged,true,false,2024-04-13 20:47:50.68024
121,011,5,1,chat,its a smaller town,true,false,2024-04-13 20:48:00.242888
122,011,5,1,item,stag,true,false,2024-04-13 20:48:02.864483
123,012,1,1,item,stag,false,false,2024-04-13 20:53:21.824139
124,012,2,2,item,stag,false,false,2024-04-13 20:53:27.150756
125,012,3,2,item,stag,false,false,2024-04-13 20:53:30.222969
126,012,4,2,item,stag,false,false,2024-04-13 20:53:32.787266
127,012,5,1,item,stag,false,false,2024-04-13 20:53:37.512282
128,012,5,2,item,stag,false,false,2024-04-13 20:53:37.837079
129,013,1,1,item,hare,false,true,2024-04-13 20:53:02.023865
130,013,1,2,item,stag,false,true,2024-04-13 20:53:56.998304
131,013,2,2,item,stag,false,true,2024-04-13 20:54:03.25726
132,013,3,2,item,hare,false,true,2024-04-13 20:54:08.446764
133,013,3,1,item,stag,false,true,2024-04-13 20:54:16.532569
134,013,4,1,item,stag,false,true,2024-04-13 20:54:24.080343
135,013,5,2,item,hare,false,true,2024-04-13 20:54:27.806957
136,013,5,1,item,hare,false,true,2024-04-13 20:54:28.862449
137,014,1,1,item,hare,true,true,2024-04-13 21:22:18.323066
138,014,1,2,item,stag,true,true,2024-04-13 21:22:34.942027
139,014,2,1,item,stag,true,true,2024-04-13 21:22:41.338555
140,014,3,2,item,stag,true,true,2024-04-13 21:22:46.656896
141,014,4,1,item,hare,true,true,2024-04-13 21:22:50.688333
142,014,4,2,item,stag,true,true,2024-04-13 21:23:16.121544
143,014,5,1,item,hare,true,true,2024-04-13 21:23:20.760319
144,014,5,2,item,stag,true,true,2024-04-13 21:23:23.673725
145,015,1,2,item,hare,false,false,2024-04-13 21:25:11.004625
146,015,1,1,item,stag,false,false,2024-04-13 21:25:16.45927
147,015,2,2,item,hare,false,false,2024-04-13 21:25:21.611463
148,015,2,1,item,hare,false,false,2024-04-13 21:25:24.073864
149,015,3,2,item,hare,false,false,2024-04-13 21:25:30.211994
150,015,3,1,item,hare,false,false,2024-04-13 21:25:42.133991
151,015,4,2,item,hare,false,false,2024-04-13 21:25:46.917164
152,015,4,1,item,hare,false,false,2024-04-13 21:25:51.940553
153,015,5,2,item,hare,false,false,2024-04-13 21:25:55.371323
154,015,5,1,item,stag,false,false,2024-04-13 21:25:57.710235
155,016,1,2,item,stag,false,true,2024-04-13 21:25:58.949806
156,016,2,2,item,hare,false,true,2024-04-13 21:26:08.026599
157,016,2,1,item,stag,false,true,2024-04-13 21:26:12.366465
158,016,3,2,item,stag,false,true,2024-04-13 21:26:20.621555
159,016,4,1,item,stag,false,true,2024-04-13 21:26:31.827234
160,016,5,2,item,stag,false,true,2024-04-13 21:26:38.367525
161,017,1,2,item,stag,false,false,2024-04-13 21:28:21.055551
162,017,2,1,item,stag,false,false,2024-04-13 21:28:41.862425
163,017,3,1,item,stag,false,false,2024-04-13 21:28:46.759407
164,017,4,1,item,stag,false,false,2024-04-13 21:28:49.712308
165,017,5,2,item,stag,false,false,2024-04-13 21:28:53.714819
166,017,5,1,item,stag,false,false,2024-04-13 21:28:53.776807
167,018,1,2,item,stag,true,true,2024-04-14 11:57:40.377057
168,018,2,1,item,hare,true,true,2024-04-14 11:57:47.006874
169,018,2,2,item,stag,true,true,2024-04-14 11:58:11.964225
170,018,3,1,item,stag,true,true,2024-04-14 11:58:17.740016
171,018,4,2,item,stag,true,true,2024-04-14 11:58:25.993512
172,018,5,2,item,stag,true,true,2024-04-14 11:58:35.168897
173,019,1,1,item,hare,false,false,2024-04-14 11:55:08.149067
174,019,1,2,item,hare,false,false,2024-04-14 11:55:13.055607
175,019,2,2,item,hare,false,false,2024-04-14 11:55:21.245953
176,019,2,1,item,hare,false,false,2024-04-14 11:57:06.300036
177,019,3,1,item,stag,false,false,2024-04-14 11:57:10.135131
178,019,4,1,item,stag,false,false,2024-04-14 11:57:15.560558
179,019,5,1,item,hare,false,false,2024-04-14 11:57:22.697674
180,019,5,2,item,hare,false,false,2024-04-14 12:00:22.522055
181,020,1,1,item,hare,false,true,2024-04-14 12:00:38.006918
182,020,1,2,item,hare,false,true,2024-04-14 12:00:57.559463
183,020,2,1,item,hare,false,true,2024-04-14 12:01:00.558022
184,020,2,2,item,hare,false,true,2024-04-14 12:01:17.33927
185,020,3,1,item,hare,false,true,2024-04-14 12:01:19.799378
186,020,3,2,item,hare,false,true,2024-04-14 12:01:38.284148
187,020,4,1,item,hare,false,true,2024-04-14 12:01:40.703932
188,020,4,2,item,hare,false,true,2024-04-14 12:01:42.503742
189,020,5,1,item,hare,false,true,2024-04-14 12:01:45.102713
190,020,5,2,item,hare,false,true,2024-04-14 12:01:50.809645
191,021,1,2,item,stag,false,true,2024-04-14 12:01:02.877889
192,021,2,2,item,hare,false,true,2024-04-14 12:01:15.20505
193,021,2,1,item,hare,false,true,2024-04-14 12:01:15.520936
194,021,3,1,item,hare,false,true,2024-04-14 12:01:18.754849
195,021,3,2,item,hare,false,true,2024-04-14 12:01:19.479238
196,021,4,2,item,hare,false,true,2024-04-14 12:01:21.180554
197,021,4,1,item,stag,false,true,2024-04-14 12:01:42.966205
198,021,5,1,item,hare,false,true,2024-04-14 12:01:46.382123
199,021,5,2,item,hare,false,true,2024-04-14 12:01:47.319712
200,022,1,2,item,hare,false,true,2024-04-14 11:59:19.173776
201,022,1,1,item,stag,false,true,2024-04-14 11:59:40.383467
202,022,2,2,item,hare,false,true,2024-04-14 11:59:43.074881
203,022,2,1,item,stag,false,true,2024-04-14 11:59:54.115811
204,022,3,2,item,hare,false,true,2024-04-14 12:00:00.326602
205,022,3,1,item,hare,false,true,2024-04-14 12:00:03.937263
206,022,4,2,item,hare,false,true,2024-04-14 12:00:07.451281
207,022,4,1,item,stag,false,true,2024-04-14 12:00:14.155468
208,022,5,1,item,hare,false,true,2024-04-14 12:00:56.31834
209,022,5,2,item,hare,false,true,2024-04-14 12:01:58.571374
210,023,1,1,chat,take the stag,true,false,2024-04-14 12:31:12.628294
211,023,1,2,chat,done,true,false,2024-04-14 12:31:21.988627
212,023,1,1,item,stag,true,false,2024-04-14 12:31:30.442651
213,023,2,1,item,stag,true,false,2024-04-14 12:31:34.349709
214,023,3,2,item,stag,true,false,2024-04-14 12:31:37.178835
215,023,4,2,item,stag,true,false,2024-04-14 12:31:45.49449
216,023,5,1,item,stag,true,false,2024-04-14 12:31:47.798703
217,023,5,2,item,stag,true,false,2024-04-14 12:31:47.980891
218,024,1,1,item,stag,true,true,2024-04-14 12:32:28.161206
219,024,2,2,item,hare,true,true,2024-04-14 12:32:32.571377
220,024,2,1,item,hare,true,true,2024-04-14 12:32:41.180985
221,024,3,2,item,hare,true,true,2024-04-14 12:32:52.632241
222,024,3,1,item,hare,true,true,2024-04-14 12:32:55.148446
223,024,4,2,item,hare,true,true,2024-04-14 12:33:08.207687
224,024,4,1,item,hare,true,true,2024-04-14 12:33:08.814246
225,024,5,1,item,hare,true,true,2024-04-14 12:33:10.338135
226,024,5,2,item,hare,true,true,2024-04-14 12:33:15.431104
227,025,1,2,item,stag,false,false,2024-04-14 12:33:58.707179
228,025,2,2,item,stag,false,false,2024-04-14 12:34:07.43059
229,025,3,2,item,stag,false,false,2024-04-14 12:34:10.873692
230,025,4,2,item,stag,false,false,2024-04-14 12:34:19.898673
231,025,5,2,item,stag,false,false,2024-04-14 12:34:24.893773
232,026,1,1,item,hare,false,false,2024-04-14 12:31:48.505253
233,026,1,2,item,stag,false,false,2024-04-14 12:32:04.851502
234,026,2,1,item,hare,false,false,2024-04-14 12:32:23.478164
235,026,2,2,item,hare,false,false,2024-04-14 12:32:59.458286
236,026,3,1,item,hare,false,false,2024-04-14 12:33:22.323205
237,026,3,2,item,hare,false,false,2024-04-14 12:33:24.106599
238,026,4,1,item,hare,false,false,2024-04-14 12:33:32.70945
239,026,4,2,item,hare,false,false,2024-04-14 12:33:44.149217
240,026,5,1,item,stag,false,false,2024-04-14 12:33:54.64773
241,027,1,1,item,hare,true,false,2024-04-14 12:37:21.706366
242,027,1,2,item,hare,true,false,2024-04-14 12:37:30.467257
243,027,2,1,item,hare,true,false,2024-04-14 12:37:33.845262
244,027,2,2,item,hare,true,false,2024-04-14 12:37:35.023871
245,027,3,1,item,hare,true,false,2024-04-14 12:37:38.835196
246,027,3,2,item,hare,true,false,2024-04-14 12:37:38.977495
247,027,4,1,item,hare,true,false,2024-04-14 12:37:41.796328
248,027,4,2,item,hare,true,false,2024-04-14 12:37:41.832791
249,027,5,1,item,hare,true,false,2024-04-14 12:37:43.011826
250,027,5,2,item,hare,true,false,2024-04-14 12:37:45.319981
251,028,1,1,chat,focus on stags,true,true,2024-04-14 12:37:31.476304
252,028,1,1,item,stag,true,true,2024-04-14 12:37:53.010476
253,028,2,1,item,stag,true,true,2024-04-14 12:37:58.588311
254,028,3,2,item,stag,true,true,2024-04-14 12:38:05.013114
255,028,4,1,item,stag,true,true,2024-04-14 12:38:16.158718
256,028,5,1,item,stag,true,true,2024-04-14 12:38:23.926601
257,029,1,2,item,stag,true,true,2024-04-14 12:37:41.615624
258,029,2,2,chat,Get that stag mate,true,true,2024-04-14 12:37:48.760066
259,029,2,2,item,stag,true,true,2024-04-14 12:37:53.064512
260,029,3,2,item,stag,true,true,2024-04-14 12:38:00.884423
261,029,4,1,item,stag,true,true,2024-04-14 12:38:08.496951
262,029,5,2,item,stag,true,true,2024-04-14 12:38:14.476806
263,030,1,1,item,hare,false,true,2024-04-14 12:35:52.729332
264,030,1,2,item,stag,false,true,2024-04-14 12:38:34.191906
265,030,2,1,item,hare,false,true,2024-04-14 12:38:46.543255
266,030,2,2,item,hare,false,true,2024-04-14 12:38:51.697413
267,030,3,1,item,hare,false,true,2024-04-14 12:38:56.793511
268,030,3,2,item,stag,false,true,2024-04-14 12:39:14.899132
269,030,4,1,item,hare,false,true,2024-04-14 12:39:25.628174
270,030,4,2,item,stag,false,true,2024-04-14 12:39:37.970878
271,030,5,1,item,hare,false,true,2024-04-14 12:39:44.799066
272,030,5,2,item,stag,false,true,2024-04-14 12:39:57.737094
273,031,1,2,chat,Hey,true,true,2024-04-14 12:38:44.055377
274,031,1,2,item,hare,true,true,2024-04-14 12:39:07.233076
275,031,1,1,chat,Hi Tanner,true,true,2024-04-14 12:39:29.477694
276,031,1,1,item,hare,true,true,2024-04-14 12:39:56.275765
277,031,2,1,item,hare,true,true,2024-04-14 12:40:00.482065
278,031,2,2,item,stag,true,true,2024-04-14 12:40:07.338663
279,031,3,2,item,stag,true,true,2024-04-14 12:40:13.014454
280,031,4,1,item,hare,true,true,2024-04-14 12:40:17.895778
281,031,4,2,item,hare,true,true,2024-04-14 12:40:28.059187
282,031,5,1,item,hare,true,true,2024-04-14 12:40:37.450985
283,031,5,2,item,stag,true,true,2024-04-14 12:40:43.989927
284,032,1,2,item,hare,true,true,2024-04-14 12:40:36.25071
285,032,1,1,item,hare,true,true,2024-04-14 12:42:50.937745
286,032,2,2,item,stag,true,true,2024-04-14 12:43:00.260896
287,032,3,1,item,stag,true,true,2024-04-14 12:43:12.758807
288,032,4,2,item,stag,true,true,2024-04-14 12:43:21.641533
289,032,5,1,item,stag,true,true,2024-04-14 12:43:27.353039
290,033,1,1,item,hare,true,false,2024-04-14 14:45:58.702284
291,033,1,2,item,hare,true,false,2024-04-14 14:46:57.451155
292,033,2,1,item,hare,true,false,2024-04-14 14:47:01.964688
293,033,2,2,item,hare,true,false,2024-04-14 14:47:07.917841
294,033,3,2,item,hare,true,false,2024-04-14 14:47:10.202838
295,033,3,1,item,hare,true,false,2024-04-14 14:47:33.195768
296,033,4,2,item,hare,true,false,2024-04-14 14:47:37.288598
297,033,4,1,item,hare,true,false,2024-04-14 14:47:39.140356
298,033,5,1,item,hare,true,false,2024-04-14 14:47:41.958288
299,033,5,2,item,hare,true,false,2024-04-14 14:47:42.006154
300,034,1,2,item,stag,false,false,2024-04-14 14:48:02.925138
301,034,2,2,item,stag,false,false,2024-04-14 14:48:06.197099
302,034,3,2,item,hare,false,false,2024-04-14 14:48:08.59008
303,034,3,1,item,stag,false,false,2024-04-14 14:48:12.513052
304,034,4,2,item,hare,false,false,2024-04-14 14:48:14.420063
305,034,4,1,item,stag,false,false,2024-04-14 14:48:25.674376
306,034,5,1,item,stag,false,false,2024-04-14 14:48:28.834971
307,034,5,2,item,stag,false,false,2024-04-14 14:48:28.875292
308,035,1,2,chat,hi,true,true,2024-04-14 14:48:17.392869
309,035,1,2,chat,"come to the stag, we can both get 4 points right?",true,true,2024-04-14 14:48:40.589913
310,035,1,1,chat,hi,true,true,2024-04-14 14:48:43.094018
311,035,1,1,chat,not sure,true,true,2024-04-14 14:48:53.903312
312,035,1,2,item,hare,true,true,2024-04-14 14:49:56.408883
313,035,1,2,chat,ah you have to press space on it,true,true,2024-04-14 14:50:19.630445
314,035,1,2,chat,to collect it,true,true,2024-04-14 14:50:23.688234
315,035,1,1,item,hare,true,true,2024-04-14 14:50:35.744347
316,035,2,1,item,hare,true,true,2024-04-14 14:50:41.593071
317,035,2,2,item,hare,true,true,2024-04-14 14:50:46.168864
318,035,3,1,item,hare,true,true,2024-04-14 14:50:51.333627
319,035,3,2,item,hare,true,true,2024-04-14 14:50:55.433717
320,035,4,1,item,hare,true,true,2024-04-14 14:51:00.970551
321,035,4,2,chat,next round come to stag,true,true,2024-04-14 14:51:11.46946
322,035,4,2,item,hare,true,true,2024-04-14 14:51:15.987972
323,035,5,2,item,stag,true,true,2024-04-14 14:51:19.611717
324,036,1,2,item,stag,false,false,2024-04-14 14:51:41.387478
325,036,2,2,item,stag,false,false,2024-04-14 14:51:47.698748
326,036,3,2,item,stag,false,false,2024-04-14 14:51:51.129265
327,036,4,1,item,stag,false,false,2024-04-14 14:51:53.785503
328,036,5,1,item,stag,false,false,2024-04-14 14:51:56.784094
329,036,5,2,item,stag,false,false,2024-04-14 14:51:56.892992
330,037,1,2,item,hare,true,true,2024-04-14 14:52:23.77181
331,037,1,1,item,hare,true,true,2024-04-14 14:52:46.249552
332,037,2,2,item,stag,true,true,2024-04-14 14:52:53.125536
333,037,3,2,item,stag,true,true,2024-04-14 14:52:57.081408
334,037,4,1,item,stag,true,true,2024-04-14 14:53:01.379672
335,037,5,2,item,stag,true,true,2024-04-14 14:53:08.801224
336,038,1,2,item,hare,true,false,2024-04-14 14:53:56.07707
337,038,1,1,item,stag,true,false,2024-04-14 14:54:00.096011
338,038,2,2,item,hare,true,false,2024-04-14 14:54:01.534719
339,038,2,1,item,stag,true,false,2024-04-14 14:54:04.8431
340,038,3,2,item,hare,true,false,2024-04-14 14:54:07.028715
341,038,3,1,item,stag,true,false,2024-04-14 14:54:15.88829
342,038,4,2,item,hare,true,false,2024-04-14 14:54:18.064416
343,038,4,1,item,stag,true,false,2024-04-14 14:54:18.8074
344,038,5,1,item,stag,true,false,2024-04-14 14:54:21.626165
345,038,5,2,item,stag,true,false,2024-04-14 14:54:21.778686
346,039,1,1,item,hare,true,true,2024-04-14 14:54:29.255413
347,039,1,2,item,hare,true,true,2024-04-14 14:54:31.32814
348,039,2,2,item,hare,true,true,2024-04-14 14:54:33.74786
349,039,2,1,item,hare,true,true,2024-04-14 14:54:48.059583
350,039,3,2,item,hare,true,true,2024-04-14 14:54:49.28881
351,039,3,1,item,hare,true,true,2024-04-14 14:54:51.661467
352,039,4,2,item,hare,true,true,2024-04-14 14:54:54.50946
353,039,4,1,item,hare,true,true,2024-04-14 14:54:54.981955
354,039,5,2,item,hare,true,true,2024-04-14 14:54:59.622359
355,039,5,1,item,hare,true,true,2024-04-14 14:55:00.034095
356,040,1,2,item,hare,true,true,2024-04-14 14:54:44.256092
357,040,1,1,item,hare,true,true,2024-04-14 14:54:53.081743
358,040,2,2,item,hare,true,true,2024-04-14 14:54:58.929042
359,040,2,1,item,hare,true,true,2024-04-14 14:55:02.923881
360,040,3,2,item,hare,true,true,2024-04-14 14:55:09.944563
361,040,3,1,item,hare,true,true,2024-04-14 14:55:21.627061
362,040,4,2,item,stag,true,true,2024-04-14 14:55:27.058061
363,040,5,2,item,stag,true,true,2024-04-14 14:55:31.523634
364,041,1,2,item,hare,false,true,2024-04-14 14:54:23.098734
365,041,1,1,item,stag,false,true,2024-04-14 14:54:56.906308
366,041,2,2,item,hare,false,true,2024-04-14 14:55:04.610612
367,041,2,1,item,stag,false,true,2024-04-14 14:55:22.673331
368,041,3,1,item,stag,false,true,2024-04-14 14:55:27.31441
369,041,4,2,item,hare,false,true,2024-04-14 14:55:35.048777
370,041,4,1,item,hare,false,true,2024-04-14 14:55:48.402323
371,041,5,2,item,hare,false,true,2024-04-14 14:55:55.623012
372,041,5,1,item,stag,false,true,2024-04-14 14:56:00.98842
373,042,1,1,item,hare,false,false,2024-04-14 14:56:19.99821
374,042,1,2,item,hare,false,false,2024-04-14 14:56:28.18185
375,042,2,1,item,hare,false,false,2024-04-14 14:56:30.691165
376,042,2,2,item,hare,false,false,2024-04-14 14:57:02.149972
377,042,3,2,item,hare,false,false,2024-04-14 14:57:05.08148
378,042,3,1,item,hare,false,false,2024-04-14 14:57:14.923078
379,042,4,1,item,hare,false,false,2024-04-14 14:57:17.724847
380,042,4,2,item,hare,false,false,2024-04-14 14:57:45.041262
381,042,5,2,item,hare,false,false,2024-04-14 14:57:49.645837
382,042,5,1,item,stag,false,false,2024-04-14 14:57:56.93409
383,043,1,1,item,hare,false,true,2024-04-14 14:59:08.979865
384,043,1,2,item,stag,false,true,2024-04-14 14:59:16.366136
385,043,2,2,item,stag,false,true,2024-04-14 14:59:19.157848
386,043,3,1,item,stag,false,true,2024-04-14 14:59:21.028775
387,043,4,1,item,hare,false,true,2024-04-14 14:59:23.995606
388,043,4,2,item,stag,false,true,2024-04-14 14:59:26.603742
389,043,5,1,item,hare,false,true,2024-04-14 14:59:30.643398
390,043,5,2,item,stag,false,true,2024-04-14 14:59:32.727659
391,044,1,2,item,stag,true,true,2024-04-14 15:00:29.633412
392,044,2,1,item,stag,true,true,2024-04-14 15:00:33.149185
393,044,3,2,item,stag,true,true,2024-04-14 15:00:38.862834
394,044,4,2,item,stag,true,true,2024-04-14 15:00:42.60354
395,044,5,1,item,stag,true,true,2024-04-14 15:00:46.382858
396,044,5,2,item,stag,true,true,2024-04-14 15:00:46.460083
397,045,1,1,item,stag,false,true,2024-04-14 15:30:36.328704
398,045,2,1,item,stag,false,true,2024-04-14 15:30:40.724033
399,045,3,1,item,stag,false,true,2024-04-14 15:30:54.04401
400,045,4,2,item,stag,false,true,2024-04-14 15:30:57.14331
401,045,5,2,item,stag,false,true,2024-04-14 15:31:05.30911
402,046,1,1,item,hare,true,false,2024-04-14 15:31:24.653898
403,046,1,2,item,hare,true,false,2024-04-14 15:31:25.060425
404,046,2,1,item,hare,true,false,2024-04-14 15:31:26.850909
405,046,2,2,item,hare,true,false,2024-04-14 15:31:26.938164
406,046,3,1,item,hare,true,false,2024-04-14 15:31:29.038158
407,046,3,2,item,hare,true,false,2024-04-14 15:31:29.723556
408,046,4,1,item,hare,true,false,2024-04-14 15:31:31.97384
409,046,4,2,item,hare,true,false,2024-04-14 15:31:32.116178
410,046,5,1,item,hare,true,false,2024-04-14 15:31:34.563355
411,046,5,2,item,hare,true,false,2024-04-14 15:31:35.158183
412,047,1,1,item,stag,true,true,2024-04-14 15:31:29.196178
413,047,2,1,item,stag,true,true,2024-04-14 15:31:35.63539
414,047,3,1,item,stag,true,true,2024-04-14 15:31:40.626338
415,047,4,1,item,stag,true,true,2024-04-14 15:31:44.750166
416,047,5,1,item,stag,true,true,2024-04-14 15:31:47.826321
417,048,1,1,item,hare,true,false,2024-04-14 15:32:15.373651
418,048,1,2,item,hare,true,false,2024-04-14 15:32:25.190637
419,048,2,1,item,hare,true,false,2024-04-14 15:32:33.956098
420,048,2,2,item,hare,true,false,2024-04-14 15:32:38.938953
421,048,3,1,item,hare,true,false,2024-04-14 15:32:43.849489
422,048,3,2,item,hare,true,false,2024-04-14 15:32:48.579366
423,048,4,1,item,hare,true,false,2024-04-14 15:32:53.840418
424,048,4,2,item,stag,true,false,2024-04-14 15:32:55.501469
425,048,5,1,item,hare,true,false,2024-04-14 15:32:57.274598
426,048,5,1,chat,bro,true,false,2024-04-14 15:33:07.826176
427,048,5,1,chat,collect the animals,true,false,2024-04-14 15:33:15.606374
428,048,5,2,item,stag,true,false,2024-04-14 15:33:20.31498
429,049,1,1,item,hare,true,true,2024-04-14 15:33:35.55384
430,049,1,2,chat,Hello!,true,true,2024-04-14 15:33:48.336243
431,049,1,2,item,hare,true,true,2024-04-14 15:34:39.314243
432,049,2,1,item,hare,true,true,2024-04-14 15:34:43.441193
433,049,2,1,chat,hi,true,true,2024-04-14 15:35:01.639771
434,049,2,2,chat,Stag?,true,true,2024-04-14 15:35:13.474522
435,049,2,2,item,hare,true,true,2024-04-14 15:35:47.055694
436,049,3,1,item,stag,true,true,2024-04-14 15:36:03.337954
437,049,4,1,item,stag,true,true,2024-04-14 15:36:07.68115
438,049,5,1,item,stag,true,true,2024-04-14 15:36:10.765701
439,050,1,1,item,hare,false,true,2024-04-14 15:35:57.754479
440,050,1,2,item,stag,false,true,2024-04-14 15:36:11.457209
441,050,2,1,item,hare,false,true,2024-04-14 15:36:15.629944
442,050,2,2,item,stag,false,true,2024-04-14 15:36:19.82567
443,050,3,1,item,hare,false,true,2024-04-14 15:36:22.985231
444,050,3,2,item,hare,false,true,2024-04-14 15:36:41.802027
445,050,4,1,item,hare,false,true,2024-04-14 15:36:44.779063
446,050,4,2,item,hare,false,true,2024-04-14 15:36:44.905601
447,050,5,1,item,hare,false,true,2024-04-14 15:36:47.96315
448,050,5,2,item,hare,false,true,2024-04-14 15:36:48.760171
449,051,1,2,item,hare,false,false,2024-04-14 15:37:45.752775
450,051,1,1,item,stag,false,false,2024-04-14 15:38:02.482259
451,051,2,2,item,stag,false,false,2024-04-14 15:38:08.348172
452,051,3,1,item,stag,false,false,2024-04-14 15:38:16.010285
453,051,4,1,item,stag,false,false,2024-04-14 15:38:20.379705
454,051,5,2,item,stag,false,false,2024-04-14 15:38:26.326354
455,051,5,1,item,stag,false,false,2024-04-14 15:38:26.44757
456,052,1,1,item,hare,true,false,2024-04-14 17:31:05.325493
457,052,1,2,item,hare,true,false,2024-04-14 17:31:10.57437
458,052,2,2,item,hare,true,false,2024-04-14 17:31:17.699914
459,052,2,1,item,hare,true,false,2024-04-14 17:31:20.90866
460,052,3,2,item,hare,true,false,2024-04-14 17:31:24.664431
461,052,3,1,item,hare,true,false,2024-04-14 17:31:25.743193
462,052,4,1,item,hare,true,false,2024-04-14 17:31:28.736027
463,052,4,2,item,hare,true,false,2024-04-14 17:31:31.730853
464,052,5,2,item,hare,true,false,2024-04-14 17:31:34.341984
465,052,5,1,item,hare,true,false,2024-04-14 17:31:35.543222
466,053,1,2,item,hare,true,false,2024-04-14 17:31:40.423996
467,053,1,1,chat,"hi, go for the stag?",true,false,2024-04-14 17:31:41.355756
468,053,1,2,chat,already did the hare,true,false,2024-04-14 17:31:52.219071
469,053,1,1,item,stag,true,false,2024-04-14 17:31:53.947952
470,053,2,2,chat,next one stag,true,false,2024-04-14 17:31:54.916948
471,053,2,2,item,stag,true,false,2024-04-14 17:32:05.058139
472,053,3,2,item,stag,true,false,2024-04-14 17:32:10.816996
473,053,4,2,item,stag,true,false,2024-04-14 17:32:17.281137
474,053,5,2,item,stag,true,false,2024-04-14 17:32:21.029295
475,054,1,1,item,stag,false,true,2024-04-14 17:34:37.014835
476,054,2,1,item,stag,false,true,2024-04-14 17:34:40.080208
477,054,3,1,item,stag,false,true,2024-04-14 17:34:44.81132
478,054,4,1,item,stag,false,true,2024-04-14 17:34:47.354997
479,054,5,1,item,stag,false,true,2024-04-14 17:34:49.11721
480,055,1,1,item,hare,false,false,2024-04-14 17:33:16.604574
481,055,1,2,item,hare,false,false,2024-04-14 17:33:56.528831
482,055,2,2,item,stag,false,false,2024-04-14 17:34:10.054451
483,055,3,2,item,stag,false,false,2024-04-14 17:34:20.135656
484,055,4,2,item,stag,false,false,2024-04-14 17:34:24.649001
485,055,5,2,item,stag,false,false,2024-04-14 17:34:28.295914
486,056,1,1,item,hare,false,true,2024-04-14 17:34:10.918407
487,056,1,2,item,hare,false,true,2024-04-14 17:34:22.252785
488,056,2,1,item,hare,false,true,2024-04-14 17:34:25.065068
489,056,2,2,item,hare,false,true,2024-04-14 17:34:38.320784
490,056,3,2,item,stag,false,true,2024-04-14 17:34:42.225458
491,056,4,2,item,stag,false,true,2024-04-14 17:34:50.856626
492,056,5,2,item,stag,false,true,2024-04-14 17:34:55.473129
493,057,1,2,item,hare,false,true,2024-04-14 17:34:48.60547
494,057,1,1,item,hare,false,true,2024-04-14 17:34:59.084169
495,057,2,2,item,hare,false,true,2024-04-14 17:35:21.755416
496,057,2,1,item,hare,false,true,2024-04-14 17:35:25.609102
497,057,3,2,item,hare,false,true,2024-04-14 17:35:37.216362
498,057,3,1,item,hare,false,true,2024-04-14 17:35:39.065343
499,057,4,1,item,stag,false,true,2024-04-14 17:35:44.287649
500,057,5,1,item,stag,false,true,2024-04-14 17:35:48.377278
501,058,1,2,item,hare,false,true,2024-04-14 17:35:20.343841
502,058,1,1,item,hare,false,true,2024-04-14 17:35:25.220509
503,058,2,1,item,hare,false,true,2024-04-14 17:35:31.551212
504,058,2,2,item,stag,false,true,2024-04-14 17:35:44.27441
505,058,3,1,item,stag,false,true,2024-04-14 17:35:49.512732
506,058,4,1,item,stag,false,true,2024-04-14 17:35:53.790044
507,058,5,1,item,stag,false,true,2024-04-14 17:35:58.470708
508,059,1,2,item,hare,false,true,2024-04-14 17:36:01.99015
509,059,1,1,item,hare,false,true,2024-04-14 17:36:11.46711
510,059,2,2,item,stag,false,true,2024-04-14 17:36:15.561277
511,059,3,2,item,stag,false,true,2024-04-14 17:36:20.18382
512,059,4,2,item,stag,false,true,2024-04-14 17:36:26.044959
513,059,5,2,item,hare,false,true,2024-04-14 17:36:26.856008
514,059,5,1,item,stag,false,true,2024-04-14 17:36:31.041014
515,060,1,2,item,hare,false,false,2024-04-14 17:34:31.405807
516,060,1,1,item,hare,false,false,2024-04-14 17:36:26.443123
517,060,2,1,item,hare,false,false,2024-04-14 17:36:31.180532
518,060,2,2,item,hare,false,false,2024-04-14 17:37:40.209649
519,060,3,2,item,hare,false,false,2024-04-14 17:37:43.183314
520,060,3,1,item,hare,false,false,2024-04-14 17:37:45.420927
521,060,4,1,item,hare,false,false,2024-04-14 17:37:48.260025
522,060,4,2,item,hare,false,false,2024-04-14 17:37:48.608027
523,060,5,2,item,hare,false,false,2024-04-14 17:37:51.261025
524,060,5,1,item,hare,false,false,2024-04-14 17:37:56.531375
525,061,1,1,item,hare,true,true,2024-04-14 17:36:57.008314
526,061,1,2,item,stag,true,true,2024-04-14 17:37:39.634665
527,061,2,1,item,stag,true,true,2024-04-14 17:37:52.913933
528,061,3,1,item,hare,true,true,2024-04-14 17:38:03.725228
529,061,3,2,item,stag,true,true,2024-04-14 17:38:13.520968
530,061,4,1,item,stag,true,true,2024-04-14 17:38:24.720598
531,061,5,2,item,stag,true,true,2024-04-14 17:38:33.45589
532,062,1,1,item,hare,true,true,2024-04-14 20:17:49.923169
533,062,1,2,item,stag,true,true,2024-04-14 20:18:16.889283
534,062,2,1,item,hare,true,true,2024-04-14 20:18:18.582036
535,062,2,2,item,stag,true,true,2024-04-14 20:18:21.99009
536,062,3,1,item,hare,true,true,2024-04-14 20:18:23.970046
537,062,3,2,item,stag,true,true,2024-04-14 20:18:35.822295
538,062,4,1,item,hare,true,true,2024-04-14 20:18:39.176456
539,062,4,2,item,stag,true,true,2024-04-14 20:18:43.498428
540,062,5,1,item,stag,true,true,2024-04-14 20:18:45.848188
541,062,5,2,item,stag,true,true,2024-04-14 20:18:46.099123
542,063,1,2,item,stag,false,true,2024-04-14 20:19:00.597832
543,063,2,2,item,stag,false,true,2024-04-14 20:19:11.051302
544,063,3,1,item,stag,false,true,2024-04-14 20:19:12.652971
545,063,4,1,item,stag,false,true,2024-04-14 20:19:14.564731
546,063,5,2,item,stag,false,true,2024-04-14 20:19:17.646478
547,063,5,1,item,stag,false,true,2024-04-14 20:19:18.257778
548,064,1,1,chat,:O,true,false,2024-04-14 20:19:04.139993
549,064,1,2,item,hare,true,false,2024-04-14 20:19:18.045761
550,064,1,2,chat,hey,true,false,2024-04-14 20:20:17.485337
551,064,1,2,chat,is this working for you?,true,false,2024-04-14 20:20:23.51707
552,064,1,1,chat,i don't get anything no matter which game i hunt,true,false,2024-04-14 20:20:38.402767
553,064,1,2,chat,i click spacebar and nothing happens,true,false,2024-04-14 20:20:41.356539
554,064,1,2,chat,same,true,false,2024-04-14 20:20:43.00585
555,064,1,1,item,hare,true,false,2024-04-14 20:20:43.676456
556,064,2,1,item,stag,true,false,2024-04-14 20:20:49.123767
557,064,3,2,item,hare,true,false,2024-04-14 20:20:54.808111
558,064,3,1,item,hare,true,false,2024-04-14 20:20:55.167714
559,064,4,2,item,hare,true,false,2024-04-14 20:20:57.487874
560,064,4,1,item,stag,true,false,2024-04-14 20:21:03.429421
561,064,5,2,item,hare,true,false,2024-04-14 20:21:06.058578
562,064,5,1,item,hare,true,false,2024-04-14 20:21:06.267397
563,065,1,1,chat,hi,true,false,2024-04-14 20:21:15.608344
564,065,1,2,chat,hi :),true,false,2024-04-14 20:21:23.113855
565,065,1,1,chat,lets go for the stags in ever game right?,true,false,2024-04-14 20:21:24.219507
566,065,1,2,chat,yes,true,false,2024-04-14 20:21:36.741444
567,065,1,1,chat,cool :),true,false,2024-04-14 20:21:42.647287
568,065,1,1,item,stag,true,false,2024-04-14 20:21:46.606972
569,065,2,1,item,stag,true,false,2024-04-14 20:21:49.859384
570,065,3,1,item,stag,true,false,2024-04-14 20:21:52.717585
571,065,4,1,item,stag,true,false,2024-04-14 20:21:56.927991
572,065,5,1,item,stag,true,false,2024-04-14 20:21:59.427719
573,066,1,1,item,stag,false,true,2024-04-14 20:20:42.335881
574,066,2,1,item,stag,false,true,2024-04-14 20:20:58.499358
575,066,3,1,item,stag,false,true,2024-04-14 20:21:11.784169
576,066,4,1,item,stag,false,true,2024-04-14 20:21:20.130699
577,066,5,1,item,stag,false,true,2024-04-14 20:21:33.252289
578,067,1,2,item,hare,false,true,2024-04-14 20:22:31.915326
579,067,1,1,item,hare,false,true,2024-04-14 20:23:37.234934
580,067,2,2,item,hare,false,true,2024-04-14 20:23:41.306758
581,067,2,1,item,hare,false,true,2024-04-14 20:25:07.96256
582,067,3,2,item,hare,false,true,2024-04-14 20:25:21.064257
583,067,3,1,item,hare,false,true,2024-04-14 20:25:48.86711
584,067,4,1,item,hare,false,true,2024-04-14 20:25:52.421484
585,067,4,2,item,hare,false,true,2024-04-14 20:25:56.719413
586,067,5,1,item,hare,false,true,2024-04-14 20:25:58.591767
587,067,5,2,item,hare,false,true,2024-04-14 20:26:01.83571
588,068,1,1,chat,hey,true,true,2024-04-14 20:52:00.334984
589,068,1,1,item,hare,true,true,2024-04-14 20:52:09.198489
590,068,1,2,item,hare,true,true,2024-04-14 20:52:13.859841
591,068,2,2,item,stag,true,true,2024-04-14 20:52:19.11059
592,068,3,1,item,hare,true,true,2024-04-14 20:52:22.734765
593,068,3,2,item,hare,true,true,2024-04-14 20:52:23.388979
594,068,4,1,item,hare,true,true,2024-04-14 20:52:25.692184
595,068,4,2,item,hare,true,true,2024-04-14 20:52:25.75621
596,068,5,1,item,hare,true,true,2024-04-14 20:52:30.305882
597,068,5,2,item,hare,true,true,2024-04-14 20:52:30.695361
598,069,1,1,item,hare,true,true,2024-04-16 10:47:37.073837
599,069,1,2,item,hare,true,true,2024-04-16 10:47:39.165858
600,069,2,2,item,hare,true,true,2024-04-16 10:47:41.255167
601,069,2,1,item,hare,true,true,2024-04-16 10:47:44.860641
602,069,3,2,item,hare,true,true,2024-04-16 10:47:46.699793
603,069,3,1,item,hare,true,true,2024-04-16 10:47:53.379904
604,069,4,1,item,hare,true,true,2024-04-16 10:47:55.084077
605,069,4,2,item,hare,true,true,2024-04-16 10:48:03.121502
606,069,5,2,item,hare,true,true,2024-04-16 10:48:05.568658
607,069,5,1,item,hare,true,true,2024-04-16 10:48:05.69033
608,070,1,2,item,hare,false,true,2024-04-16 10:51:22.804516
609,070,1,1,item,stag,false,true,2024-04-16 10:51:28.313294
610,070,2,2,item,hare,false,true,2024-04-16 10:51:30.240119
611,070,2,1,item,stag,false,true,2024-04-16 10:51:34.057933
612,070,3,1,item,stag,false,true,2024-04-16 10:51:38.392911
613,070,4,2,item,stag,false,true,2024-04-16 10:51:42.632159
614,070,5,1,item,stag,false,true,2024-04-16 10:51:46.455656
615,071,1,1,item,hare,false,false,2024-04-16 10:53:09.454251
616,071,1,2,item,hare,false,false,2024-04-16 10:53:09.76046
617,071,2,1,item,hare,false,false,2024-04-16 10:53:15.472732
618,071,2,2,item,stag,false,false,2024-04-16 10:53:25.249118
619,071,3,1,item,hare,false,false,2024-04-16 10:53:27.39574
620,071,3,2,item,stag,false,false,2024-04-16 10:53:41.574051
621,071,4,2,item,hare,false,false,2024-04-16 10:53:46.810202
622,071,4,1,item,hare,false,false,2024-04-16 10:53:47.025443
623,071,5,1,item,hare,false,false,2024-04-16 10:53:50.102598
624,071,5,2,item,stag,false,false,2024-04-16 10:54:03.834994
625,072,1,2,item,hare,false,true,2024-04-16 10:54:31.214473
626,072,1,1,item,hare,false,true,2024-04-16 10:54:32.062821
627,072,2,2,item,stag,false,true,2024-04-16 10:54:35.16937
628,072,3,1,item,hare,false,true,2024-04-16 10:54:36.930176
629,072,3,2,item,hare,false,true,2024-04-16 10:54:46.525538
630,072,4,1,item,hare,false,true,2024-04-16 10:54:49.046967
631,072,4,2,item,hare,false,true,2024-04-16 10:54:54.043807
632,072,5,2,item,hare,false,true,2024-04-16 10:55:05.249675
633,072,5,1,item,hare,false,true,2024-04-16 10:55:07.465883
634,073,1,2,item,hare,true,false,2024-04-16 10:55:12.90608
635,073,1,1,item,hare,true,false,2024-04-16 10:55:32.197962
636,073,2,2,item,hare,true,false,2024-04-16 10:55:38.851301
637,073,2,1,item,hare,true,false,2024-04-16 10:56:02.96147
638,073,3,2,item,hare,true,false,2024-04-16 10:56:06.275599
639,073,3,1,item,hare,true,false,2024-04-16 10:56:07.295317
640,073,4,2,item,hare,true,false,2024-04-16 10:56:10.025279
641,073,4,1,item,hare,true,false,2024-04-16 10:56:23.483566
642,073,5,2,item,hare,true,false,2024-04-16 10:56:26.105653
643,073,5,1,item,hare,true,false,2024-04-16 10:56:28.508029
644,074,1,1,item,stag,false,false,2024-04-16 10:57:26.115781
645,074,2,2,item,stag,false,false,2024-04-16 10:57:30.090411
646,074,3,2,item,stag,false,false,2024-04-16 10:57:34.205893
647,074,4,1,item,stag,false,false,2024-04-16 10:57:39.975916
648,074,5,2,item,stag,false,false,2024-04-16 10:57:44.479179
649,075,1,1,item,hare,true,false,2024-04-16 10:55:43.472063
650,075,1,2,item,hare,true,false,2024-04-16 10:56:29.519225
651,075,2,2,item,hare,true,false,2024-04-16 10:56:56.895506
652,075,2,1,item,hare,true,false,2024-04-16 10:57:52.972212
653,075,3,1,item,stag,true,false,2024-04-16 10:58:11.716424
654,075,4,2,item,hare,true,false,2024-04-16 10:58:17.65218
655,075,4,1,item,stag,true,false,2024-04-16 10:58:24.903329
656,075,5,2,item,hare,true,false,2024-04-16 10:58:30.907388
657,075,5,1,item,stag,true,false,2024-04-16 10:58:39.100854
658,076,1,2,item,hare,true,false,2024-04-16 12:39:46.59896
659,076,1,1,item,hare,true,false,2024-04-16 12:40:02.432426
660,076,2,1,item,stag,true,false,2024-04-16 12:40:08.040886
661,076,3,2,item,hare,true,false,2024-04-16 12:40:12.591315
662,076,3,1,item,hare,true,false,2024-04-16 12:40:17.628543
663,076,4,2,item,hare,true,false,2024-04-16 12:40:20.600257
664,076,4,1,item,hare,true,false,2024-04-16 12:40:29.899318
665,076,5,2,item,hare,true,false,2024-04-16 12:40:33.451551
666,076,5,1,item,stag,true,false,2024-04-16 12:40:43.322517
667,077,1,2,item,hare,false,false,2024-04-16 12:39:55.640054
668,077,1,1,item,hare,false,false,2024-04-16 12:40:03.764323
669,077,2,2,item,hare,false,false,2024-04-16 12:40:06.683863
670,077,2,1,item,hare,false,false,2024-04-16 12:40:17.540138
671,077,3,2,item,hare,false,false,2024-04-16 12:40:20.470222
672,077,3,1,item,hare,false,false,2024-04-16 12:40:26.75753
673,077,4,1,item,hare,false,false,2024-04-16 12:40:31.020175
674,077,4,2,item,hare,false,false,2024-04-16 12:40:32.876584
675,077,5,2,item,hare,false,false,2024-04-16 12:40:37.008973
676,077,5,1,item,hare,false,false,2024-04-16 12:40:43.237592
677,078,1,1,chat,hello,true,false,2024-04-16 12:41:27.321509
678,078,1,1,item,stag,true,false,2024-04-16 12:41:42.976652
679,078,2,2,chat,Hi,true,false,2024-04-16 12:41:45.639335
680,078,2,1,item,stag,true,false,2024-04-16 12:41:52.356953
681,078,3,2,item,stag,true,false,2024-04-16 12:41:56.410399
682,078,4,2,item,stag,true,false,2024-04-16 12:41:58.991147
683,078,5,2,item,stag,true,false,2024-04-16 12:42:07.81772
684,078,5,1,item,stag,true,false,2024-04-16 12:42:12.391084
685,079,1,2,chat,"let's hunt the stag, how's hitting the space bar?",true,false,2024-04-16 12:40:56.551729
686,079,1,1,chat,yup,true,false,2024-04-16 12:41:17.656017
687,079,1,1,item,stag,true,false,2024-04-16 12:41:28.649449
688,079,2,1,item,hare,true,false,2024-04-16 12:41:37.29711
689,079,2,1,chat,let's go again,true,false,2024-04-16 12:42:01.356544
690,079,2,2,chat,"okay I am next to it, you keep hitting?",true,false,2024-04-16 12:42:08.494467
691,079,2,1,chat,i'm at its right side hitting,true,false,2024-04-16 12:42:34.382989
692,079,2,2,item,stag,true,false,2024-04-16 12:42:44.634151
693,079,3,1,chat,same way,true,false,2024-04-16 12:43:07.6065
694,079,3,2,chat,okay,true,false,2024-04-16 12:43:15.162985
695,079,3,2,item,stag,true,false,2024-04-16 12:43:18.691108
696,079,4,2,chat,are you there?,true,false,2024-04-16 12:43:39.43528
697,079,4,1,chat,yes,true,false,2024-04-16 12:43:43.698739
698,079,4,2,item,stag,true,false,2024-04-16 12:43:46.521533
699,079,5,1,chat,we can keep going with the same strategy,true,false,2024-04-16 12:44:04.743514
700,079,5,1,item,hare,true,false,2024-04-16 12:44:18.355136
701,079,5,2,chat,"yes, it's just that we need to give each other the time to reach",true,false,2024-04-16 12:44:20.060625
702,079,5,2,chat,but yes,true,false,2024-04-16 12:44:21.88283
703,079,5,2,item,stag,true,false,2024-04-16 12:44:51.990949
704,080,1,1,item,hare,true,true,2024-04-16 12:46:42.974486
705,080,1,2,item,hare,true,true,2024-04-16 12:46:44.176899
706,080,2,1,item,hare,true,true,2024-04-16 12:46:46.542482
707,080,2,2,item,hare,true,true,2024-04-16 12:47:13.121714
708,080,3,1,item,hare,true,true,2024-04-16 12:47:15.002278
709,080,3,2,item,stag,true,true,2024-04-16 12:47:20.674256
710,080,4,2,item,stag,true,true,2024-04-16 12:47:26.083734
711,080,5,2,item,hare,true,true,2024-04-16 12:47:30.45132
712,080,5,1,item,hare,true,true,2024-04-16 12:47:31.926171
713,081,1,1,item,hare,true,true,2024-04-16 12:42:00.478841
714,081,1,2,chat,stag?,true,true,2024-04-16 12:45:34.673542
715,081,1,2,item,hare,true,true,2024-04-16 12:45:43.430309
716,081,2,1,chat,It's the goat ?,true,true,2024-04-16 12:45:56.241594
717,081,2,2,item,stag,true,true,2024-04-16 12:46:14.042042
718,081,3,2,item,stag,true,true,2024-04-16 12:46:23.558529
719,081,4,1,chat,"Let's go for the goat, it's more point",true,true,2024-04-16 12:46:59.780616
720,081,4,1,item,stag,true,true,2024-04-16 12:47:29.870631
721,081,5,2,item,stag,true,true,2024-04-16 12:47:33.98166
722,081,5,1,item,stag,true,true,2024-04-16 12:47:34.319145
723,082,1,2,item,stag,false,true,2024-04-16 14:12:16.968075
724,082,2,2,item,stag,false,true,2024-04-16 14:12:20.073803
725,082,3,1,item,hare,false,true,2024-04-16 14:12:24.501415
726,082,3,2,item,hare,false,true,2024-04-16 14:12:27.180922
727,082,4,1,item,hare,false,true,2024-04-16 14:12:32.629321
728,082,4,2,item,stag,false,true,2024-04-16 14:12:48.268907
729,082,5,1,item,stag,false,true,2024-04-16 14:12:51.028822
730,082,5,2,item,stag,false,true,2024-04-16 14:12:51.081108
731,083,1,1,item,stag,false,true,2024-04-16 14:12:33.518142
732,083,2,1,item,stag,false,true,2024-04-16 14:12:38.541047
733,083,3,2,item,stag,false,true,2024-04-16 14:12:41.888991
734,083,4,1,item,stag,false,true,2024-04-16 14:12:45.084291
735,083,5,1,item,stag,false,true,2024-04-16 14:12:49.581141
736,084,1,1,item,hare,false,false,2024-04-16 14:12:29.249248
737,084,1,2,item,hare,false,false,2024-04-16 14:13:07.712714
738,084,2,1,item,hare,false,false,2024-04-16 14:13:10.396938
739,084,2,2,item,hare,false,false,2024-04-16 14:13:20.519439
740,084,3,1,item,stag,false,false,2024-04-16 14:13:26.173001
741,084,4,1,item,hare,false,false,2024-04-16 14:13:31.629152
742,084,4,2,item,hare,false,false,2024-04-16 14:13:38.321995
743,084,5,1,item,hare,false,false,2024-04-16 14:13:39.485799
744,084,5,2,item,stag,false,false,2024-04-16 14:13:43.478386
745,085,1,1,item,hare,false,true,2024-04-16 14:14:18.043347
746,085,1,2,item,stag,false,true,2024-04-16 14:14:28.66707
747,085,2,1,item,stag,false,true,2024-04-16 14:14:34.87633
748,085,3,2,item,stag,false,true,2024-04-16 14:14:39.118064
749,085,4,1,item,stag,false,true,2024-04-16 14:14:43.297656
750,085,5,1,item,stag,false,true,2024-04-16 14:14:45.997824
751,085,5,2,item,stag,false,true,2024-04-16 14:14:46.384608
752,086,1,2,item,hare,false,false,2024-04-16 14:14:50.423185
753,086,1,1,item,hare,false,false,2024-04-16 14:15:11.773421
754,086,2,1,item,hare,false,false,2024-04-16 14:15:14.586427
755,086,2,2,item,hare,false,false,2024-04-16 14:15:23.327161
756,086,3,1,item,hare,false,false,2024-04-16 14:15:26.583836
757,086,3,2,item,hare,false,false,2024-04-16 14:15:37.792465
758,086,4,2,item,stag,false,false,2024-04-16 14:15:41.67303
759,086,5,2,item,stag,false,false,2024-04-16 14:15:44.930399
760,087,1,2,item,hare,true,false,2024-04-16 14:14:18.144457
761,087,1,1,item,hare,true,false,2024-04-16 14:15:23.709482
762,087,2,1,item,hare,true,false,2024-04-16 14:15:33.295461
763,087,2,2,item,hare,true,false,2024-04-16 14:15:36.942381
764,087,3,1,item,hare,true,false,2024-04-16 14:15:42.883384
765,087,3,2,item,hare,true,false,2024-04-16 14:15:44.193912
766,087,4,2,item,hare,true,false,2024-04-16 14:15:49.650742
767,087,4,1,item,hare,true,false,2024-04-16 14:15:49.7724
768,087,5,1,item,hare,true,false,2024-04-16 14:15:52.139767
769,087,5,2,item,hare,true,false,2024-04-16 14:15:55.47814
770,088,1,1,item,hare,false,true,2024-04-16 14:18:11.972593
771,088,1,2,item,stag,false,true,2024-04-16 14:18:16.943515
772,088,2,2,item,hare,false,true,2024-04-16 14:18:29.001159
773,088,2,1,item,hare,false,true,2024-04-16 14:18:35.156945
774,088,3,2,item,hare,false,true,2024-04-16 14:18:39.075938
775,088,3,1,item,hare,false,true,2024-04-16 14:18:39.832431
776,088,4,1,item,hare,false,true,2024-04-16 14:18:45.984497
777,088,4,2,item,hare,false,true,2024-04-16 14:18:46.196816
778,088,5,2,item,hare,false,true,2024-04-16 14:18:51.499214
779,088,5,1,item,hare,false,true,2024-04-16 14:18:51.572182
780,089,1,2,item,hare,true,false,2024-04-16 14:17:53.832988
781,089,1,1,item,hare,true,false,2024-04-16 14:18:10.898657
782,089,2,1,item,hare,true,false,2024-04-16 14:18:26.004885
783,089,2,2,item,hare,true,false,2024-04-16 14:18:32.372872
784,089,3,1,item,stag,true,false,2024-04-16 14:18:41.335418
785,089,4,1,item,stag,true,false,2024-04-16 14:18:49.362035
786,089,5,1,item,stag,true,false,2024-04-16 14:18:59.401801
787,090,1,2,item,hare,true,true,2024-04-16 14:20:00.183251
788,090,1,1,item,hare,true,true,2024-04-16 14:20:07.294267
789,090,2,2,item,hare,true,true,2024-04-16 14:20:11.427113
790,090,2,1,item,hare,true,true,2024-04-16 14:20:15.143541
791,090,3,1,item,stag,true,true,2024-04-16 14:20:22.382276
792,090,4,1,item,stag,true,true,2024-04-16 14:20:28.656807
793,090,5,2,item,hare,true,true,2024-04-16 14:20:41.113602
794,090,5,1,item,hare,true,true,2024-04-16 14:20:50.104001
795,091,1,2,item,hare,false,false,2024-04-16 14:19:46.648073
796,091,1,1,item,hare,false,false,2024-04-16 14:21:31.572204
797,091,2,1,item,stag,false,false,2024-04-16 14:21:38.269137
798,091,3,1,item,hare,false,false,2024-04-16 14:21:48.572125
799,091,3,2,item,hare,false,false,2024-04-16 14:22:04.827967
800,091,4,1,item,hare,false,false,2024-04-16 14:22:12.625351
801,091,4,2,item,hare,false,false,2024-04-16 14:22:20.771243
802,091,5,2,item,hare,false,false,2024-04-16 14:22:57.884168
803,091,5,1,item,hare,false,false,2024-04-16 14:23:18.530275
804,092,1,2,item,stag,true,false,2024-04-16 16:05:55.311149
805,092,2,2,item,stag,true,false,2024-04-16 16:05:58.504952
806,092,3,2,item,stag,true,false,2024-04-16 16:06:03.24919
807,092,4,2,item,stag,true,false,2024-04-16 16:06:07.763392
808,092,5,1,item,hare,true,false,2024-04-16 16:06:12.034931
809,092,5,2,item,hare,true,false,2024-04-16 16:06:25.746957
810,093,1,1,item,hare,false,false,2024-04-16 16:07:28.999751
811,093,1,2,item,hare,false,false,2024-04-16 16:07:31.349462
812,093,2,2,item,hare,false,false,2024-04-16 16:07:34.531801
813,093,2,1,item,hare,false,false,2024-04-16 16:07:48.611265
814,093,3,1,item,hare,false,false,2024-04-16 16:07:54.178837
815,093,3,2,item,hare,false,false,2024-04-16 16:07:57.518658
816,093,4,1,item,stag,false,false,2024-04-16 16:08:00.49633
817,093,5,2,item,stag,false,false,2024-04-16 16:08:03.397016
818,093,5,1,item,stag,false,false,2024-04-16 16:08:03.630982
819,094,1,1,item,stag,false,false,2024-04-16 16:07:07.891419
820,094,2,1,item,hare,false,false,2024-04-16 16:07:17.239962
821,094,2,2,item,stag,false,false,2024-04-16 16:08:20.405702
822,094,3,2,item,stag,false,false,2024-04-16 16:08:24.514315
823,094,4,1,item,stag,false,false,2024-04-16 16:08:27.994697
824,094,5,2,item,stag,false,false,2024-04-16 16:08:31.300162
825,095,1,2,item,hare,false,false,2024-04-16 16:07:49.680238
826,095,1,1,item,hare,false,false,2024-04-16 16:08:09.952538
827,095,2,2,item,hare,false,false,2024-04-16 16:08:12.379914
828,095,2,1,item,hare,false,false,2024-04-16 16:08:46.844269
829,095,3,1,item,stag,false,false,2024-04-16 16:08:52.621033
830,095,4,2,item,hare,false,false,2024-04-16 16:08:57.489256
831,095,4,1,item,stag,false,false,2024-04-16 16:09:03.620951
832,095,5,2,item,hare,false,false,2024-04-16 16:09:09.973286
833,095,5,1,item,stag,false,false,2024-04-16 16:09:15.85676
834,096,1,1,chat,Hello,true,false,2024-04-16 16:08:35.168158
835,096,1,1,chat,Let's get the stag,true,false,2024-04-16 16:08:46.60047
836,096,1,2,chat,"Hey, let's go for the stag if we're both close enough",true,false,2024-04-16 16:08:51.306476
837,096,1,1,chat,let's do it,true,false,2024-04-16 16:09:01.696155
838,096,1,1,item,stag,true,false,2024-04-16 16:09:05.451952
839,096,2,2,chat,Stag again?,true,false,2024-04-16 16:09:14.950649
840,096,2,1,chat,let's try,true,false,2024-04-16 16:09:18.676892
841,096,2,2,item,stag,true,false,2024-04-16 16:09:24.764674
842,096,3,1,chat,Stag once again?,true,false,2024-04-16 16:09:32.896883
843,096,3,2,chat,"Nice, let's keep doing the stag",true,false,2024-04-16 16:09:34.086445
844,096,3,2,item,stag,true,false,2024-04-16 16:09:40.684677
845,096,4,2,item,stag,true,false,2024-04-16 16:09:50.187762
846,096,5,2,item,stag,true,false,2024-04-16 16:09:59.282902
847,097,1,2,item,stag,true,false,2024-04-16 16:09:33.045702
848,097,2,1,item,hare,true,false,2024-04-16 16:09:42.552183
849,097,2,2,item,hare,true,false,2024-04-16 16:09:43.846617
850,097,3,1,item,stag,true,false,2024-04-16 16:09:51.232671
851,097,4,2,item,stag,true,false,2024-04-16 16:09:53.061173
852,097,5,1,item,stag,true,false,2024-04-16 16:09:56.208687
853,097,5,2,item,stag,true,false,2024-04-16 16:09:56.292916
854,098,1,1,item,hare,true,false,2024-04-16 18:12:46.461683
855,098,1,2,item,stag,true,false,2024-04-16 18:12:51.384449
856,098,2,2,item,stag,true,false,2024-04-16 18:12:55.106109
857,098,3,2,item,stag,true,false,2024-04-16 18:12:57.637768
858,098,4,2,item,stag,true,false,2024-04-16 18:13:01.882984
859,098,5,2,item,stag,true,false,2024-04-16 18:13:05.017002
860,099,1,2,item,stag,true,false,2024-04-16 18:19:15.030671
861,099,2,2,item,hare,true,false,2024-04-16 18:19:39.192487
862,099,2,1,item,hare,true,false,2024-04-16 18:19:50.52654
863,099,3,1,item,hare,true,false,2024-04-16 18:20:01.699534
864,099,3,2,item,hare,true,false,2024-04-16 18:20:26.765229
865,099,4,1,item,hare,true,false,2024-04-16 18:20:31.506337
866,099,4,2,item,hare,true,false,2024-04-16 18:20:39.576231
867,099,5,1,item,stag,true,false,2024-04-16 18:20:42.553013
868,099,5,2,item,stag,true,false,2024-04-16 18:20:43.167502
869,100,1,2,item,hare,false,false,2024-04-16 19:45:51.574143
870,100,1,1,item,hare,false,false,2024-04-16 19:46:02.283308
871,100,2,1,item,stag,false,false,2024-04-16 19:46:07.175319
872,100,3,1,item,hare,false,false,2024-04-16 19:46:07.420997
873,100,3,2,item,hare,false,false,2024-04-16 19:46:10.256334
874,100,4,2,item,hare,false,false,2024-04-16 19:46:17.10429
875,100,4,1,item,hare,false,false,2024-04-16 19:46:18.790546
876,100,5,1,item,hare,false,false,2024-04-16 19:46:23.708186
877,100,5,2,item,hare,false,false,2024-04-16 19:46:25.046159
878,101,1,2,item,hare,true,false,2024-04-16 19:47:42.79501
879,101,1,1,item,stag,true,false,2024-04-16 19:47:56.558948
880,101,2,2,chat,stag?,true,false,2024-04-16 19:48:03.064443
881,101,2,1,chat,yeah,true,false,2024-04-16 19:48:10.682674
882,101,2,2,item,stag,true,false,2024-04-16 19:48:12.000536
883,101,3,2,item,stag,true,false,2024-04-16 19:48:18.090197
884,101,4,2,item,stag,true,false,2024-04-16 19:48:22.010876
885,101,5,2,item,stag,true,false,2024-04-16 19:48:29.670769
886,102,1,2,item,stag,false,false,2024-04-17 10:55:07.657316
887,102,2,2,item,stag,false,false,2024-04-17 10:55:15.411737
888,102,3,2,item,stag,false,false,2024-04-17 10:55:25.030305
889,102,4,2,item,stag,false,false,2024-04-17 10:55:29.346805
890,102,5,2,item,stag,false,false,2024-04-17 10:55:31.610223
891,103,1,2,item,hare,false,true,2024-04-17 10:59:43.258226
892,103,1,1,item,hare,false,true,2024-04-17 10:59:46.778348
893,103,2,1,item,hare,false,true,2024-04-17 10:59:54.232993
894,103,2,2,item,hare,false,true,2024-04-17 11:00:05.822543
895,103,3,1,item,hare,false,true,2024-04-17 11:00:16.127079
896,103,3,2,item,hare,false,true,2024-04-17 11:00:16.722071
897,103,4,2,item,hare,false,true,2024-04-17 11:00:20.864021
898,103,4,1,item,hare,false,true,2024-04-17 11:00:30.822367
899,103,5,1,item,hare,false,true,2024-04-17 11:00:39.534081
900,103,5,2,item,hare,false,true,2024-04-17 11:00:40.209752
901,104,1,2,item,stag,false,true,2024-04-17 10:59:50.389036
902,104,2,2,item,hare,false,true,2024-04-17 11:00:06.754752
903,104,2,1,item,hare,false,true,2024-04-17 11:00:59.333451
904,104,3,2,item,hare,false,true,2024-04-17 11:01:06.474093
905,104,3,1,item,hare,false,true,2024-04-17 11:01:16.451941
906,104,4,1,item,hare,false,true,2024-04-17 11:01:22.18178
907,104,4,2,item,stag,false,true,2024-04-17 11:01:32.602519
908,104,5,2,item,hare,false,true,2024-04-17 11:01:41.881356
909,104,5,1,item,stag,false,true,2024-04-17 11:01:46.039065
910,105,1,1,item,stag,true,false,2024-04-17 11:03:38.939872
911,105,2,1,item,stag,true,false,2024-04-17 11:03:47.990746
912,105,3,1,item,stag,true,false,2024-04-17 11:03:55.300152
913,105,4,2,item,stag,true,false,2024-04-17 11:03:59.766108
914,105,5,1,item,stag,true,false,2024-04-17 11:04:11.571808
915,106,1,2,item,hare,false,false,2024-04-17 11:01:05.574115
916,106,1,1,item,hare,false,false,2024-04-17 11:04:06.234542
917,106,2,1,item,hare,false,false,2024-04-17 11:04:08.202154
918,106,2,2,item,stag,false,false,2024-04-17 11:04:23.455292
919,106,3,1,item,stag,false,false,2024-04-17 11:04:27.666668
920,106,4,1,item,hare,false,false,2024-04-17 11:04:31.171192
921,106,4,2,item,stag,false,false,2024-04-17 11:04:38.391378
922,106,5,1,item,hare,false,false,2024-04-17 11:04:44.760522
923,106,5,2,item,stag,false,false,2024-04-17 11:04:45.485545
924,107,1,1,item,hare,false,false,2024-04-17 11:03:45.60542
925,107,1,2,item,stag,false,false,2024-04-17 11:04:18.178389
926,107,2,1,item,stag,false,false,2024-04-17 11:04:30.83758
927,107,3,1,item,hare,false,false,2024-04-17 11:04:33.389215
928,107,3,2,item,hare,false,false,2024-04-17 11:04:44.68166
929,107,4,1,item,hare,false,false,2024-04-17 11:04:53.986669
930,107,4,2,item,hare,false,false,2024-04-17 11:04:58.996078
931,107,5,1,item,hare,false,false,2024-04-17 11:05:01.42549
932,107,5,2,item,hare,false,false,2024-04-17 11:05:09.189934
933,108,1,2,item,hare,true,true,2024-04-17 11:04:39.654877
934,108,1,1,item,hare,true,true,2024-04-17 11:04:46.569713
935,108,2,2,item,hare,true,true,2024-04-17 11:04:50.198308
936,108,2,1,item,hare,true,true,2024-04-17 11:04:58.752087
937,108,3,2,item,hare,true,true,2024-04-17 11:05:01.367761
938,108,3,1,item,hare,true,true,2024-04-17 11:05:10.702841
939,108,4,2,item,hare,true,true,2024-04-17 11:05:14.475987
940,108,4,1,item,hare,true,true,2024-04-17 11:05:16.272427
941,108,5,2,item,hare,true,true,2024-04-17 11:05:21.384171
942,108,5,1,item,hare,true,true,2024-04-17 11:05:23.060055
943,109,1,1,item,stag,false,true,2024-04-17 11:06:08.144353
944,109,2,2,item,hare,false,true,2024-04-17 11:06:17.106232
945,109,2,1,item,stag,false,true,2024-04-17 11:06:30.112372
946,109,3,2,item,hare,false,true,2024-04-17 11:06:37.675277
947,109,3,1,item,stag,false,true,2024-04-17 11:06:41.244602
948,109,4,1,item,stag,false,true,2024-04-17 11:06:48.285208
949,109,5,2,item,stag,false,true,2024-04-17 11:06:51.071066
950,109,5,1,item,stag,false,true,2024-04-17 11:06:51.191871
951,110,1,2,item,hare,false,true,2024-04-17 11:06:16.71653
952,110,1,1,item,hare,false,true,2024-04-17 11:06:29.025952
953,110,2,2,item,hare,false,true,2024-04-17 11:06:30.470277
954,110,2,1,item,stag,false,true,2024-04-17 11:06:37.611138
955,110,3,2,item,hare,false,true,2024-04-17 11:06:42.949969
956,110,3,1,item,hare,false,true,2024-04-17 11:06:45.709265
957,110,4,2,item,stag,false,true,2024-04-17 11:06:55.679806
958,110,5,1,item,stag,false,true,2024-04-17 11:06:58.529724
959,110,5,2,item,stag,false,true,2024-04-17 11:06:58.573301
960,111,1,1,item,hare,true,false,2024-04-17 11:06:31.895061
961,111,1,2,chat,hey,true,false,2024-04-17 11:06:41.94798
962,111,1,1,chat,hello,true,false,2024-04-17 11:06:55.875917
963,111,1,2,chat,wanna go for the stag?,true,false,2024-04-17 11:07:02.023251
964,111,1,1,chat,yes,true,false,2024-04-17 11:07:08.912825
965,111,1,2,chat,"im on it already, tell me when you are and i will catch it",true,false,2024-04-17 11:07:17.699817
966,111,1,1,chat,im in,true,false,2024-04-17 11:07:26.568922
967,111,1,2,item,stag,true,false,2024-04-17 11:07:28.207252
968,111,2,2,chat,ok go for next,true,false,2024-04-17 11:07:32.729884
969,111,2,1,chat,stag again?,true,false,2024-04-17 11:07:36.494513
970,111,2,2,chat,yeah its worth the most,true,false,2024-04-17 11:07:40.816592
971,111,2,2,chat,tell me when there,true,false,2024-04-17 11:07:43.482708
972,111,2,1,chat,ok,true,false,2024-04-17 11:07:52.607703
973,111,2,1,chat,im in,true,false,2024-04-17 11:07:58.450879
974,111,2,2,item,stag,true,false,2024-04-17 11:07:59.485196
975,111,3,2,chat,next,true,false,2024-04-17 11:08:06.909361
976,111,3,1,chat,im in,true,false,2024-04-17 11:08:11.706614
977,111,3,2,item,stag,true,false,2024-04-17 11:08:12.562077
978,111,4,2,chat,next,true,false,2024-04-17 11:08:16.660836
979,111,4,1,chat,im in,true,false,2024-04-17 11:08:25.940524
980,111,4,1,item,hare,true,false,2024-04-17 11:08:33.72464
981,111,4,2,item,stag,true,false,2024-04-17 11:08:37.839584
982,111,5,2,chat,next,true,false,2024-04-17 11:08:42.1458
983,111,5,1,chat,ok,true,false,2024-04-17 11:08:47.01571
984,111,5,2,item,stag,true,false,2024-04-17 11:08:49.81904
985,112,1,1,item,hare,true,true,2024-04-17 11:08:11.072516
986,112,1,2,item,hare,true,true,2024-04-17 11:08:33.535075
987,112,2,1,item,hare,true,true,2024-04-17 11:08:37.795685
988,112,2,2,item,hare,true,true,2024-04-17 11:10:24.914236
989,112,3,2,item,hare,true,true,2024-04-17 11:10:28.130745
990,112,3,1,item,hare,true,true,2024-04-17 11:10:29.031608
991,112,4,2,item,stag,true,true,2024-04-17 11:10:33.160795
992,112,5,2,item,stag,true,true,2024-04-17 11:10:37.582508
993,113,1,1,chat,Hey,true,false,2024-04-17 11:07:20.043999
994,113,1,1,item,hare,true,false,2024-04-17 11:07:39.068207
995,113,1,1,chat,You need to collect an animal by using space bar,true,false,2024-04-17 11:08:41.721974
996,113,1,1,chat,and using arrow keys,true,false,2024-04-17 11:08:44.391111
997,113,1,2,item,hare,true,false,2024-04-17 11:08:59.33018
998,113,2,2,item,stag,true,false,2024-04-17 11:09:06.958303
999,113,3,2,item,hare,true,false,2024-04-17 11:09:10.626462
1000,113,3,2,chat,thank you,true,false,2024-04-17 11:09:22.02382
1001,113,3,1,chat,Collect the stag,true,false,2024-04-17 11:09:23.145657
1002,113,3,1,chat,you get more points,true,false,2024-04-17 11:09:32.049332
1003,113,3,1,item,hare,true,false,2024-04-17 11:10:03.532929
1004,113,4,2,item,hare,true,false,2024-04-17 11:10:08.513179
1005,113,4,1,item,hare,true,false,2024-04-17 11:10:12.217482
1006,113,5,2,item,hare,true,false,2024-04-17 11:10:29.183961
1007,113,5,1,item,hare,true,false,2024-04-17 11:10:31.392264
1008,114,1,1,item,hare,true,false,2024-04-17 11:06:22.684875
1009,114,1,1,chat,hello,true,false,2024-04-17 11:06:34.054488
1010,114,1,2,chat,hello,true,false,2024-04-17 11:06:44.036945
1011,114,1,1,chat,i went for a hare,true,false,2024-04-17 11:07:17.677442
1012,114,1,1,chat,have you chosen yet?,true,false,2024-04-17 11:08:12.857375
1013,114,1,2,chat,I've already chosen,true,false,2024-04-17 11:09:17.131939
1014,114,1,2,item,hare,true,false,2024-04-17 11:10:17.852204
1015,114,2,1,chat,yeh me too not sure whats going on now,true,false,2024-04-17 11:10:18.519832
1016,114,2,1,chat,oh ok think its working,true,false,2024-04-17 11:10:38.468738
1017,114,2,1,item,hare,true,false,2024-04-17 11:12:13.633788
1018,114,2,2,chat,Did you hunt something?,true,false,2024-04-17 11:13:41.370534
1019,114,2,1,chat,yep,true,false,2024-04-17 11:13:47.268964
1020,114,2,2,item,hare,true,false,2024-04-17 11:14:06.368069
1021,114,3,1,item,hare,true,false,2024-04-17 11:14:53.492913
1022,114,3,2,item,hare,true,false,2024-04-17 11:15:05.17189
1023,114,4,2,item,hare,true,false,2024-04-17 11:15:11.830753
1024,114,4,1,item,hare,true,false,2024-04-17 11:15:18.213049
1025,114,5,1,item,hare,true,false,2024-04-17 11:15:27.553925
1026,114,5,2,item,hare,true,false,2024-04-17 11:15:32.72385
1027,115,1,2,item,hare,true,false,2024-04-18 16:03:02.172658
1028,115,1,1,item,hare,true,false,2024-04-18 16:03:08.155484
1029,115,2,2,item,hare,true,false,2024-04-18 16:03:09.776134
1030,115,2,1,item,hare,true,false,2024-04-18 16:03:10.283823
1031,115,3,2,item,hare,true,false,2024-04-18 16:03:12.582199
1032,115,3,1,item,hare,true,false,2024-04-18 16:03:14.420868
1033,115,4,1,item,hare,true,false,2024-04-18 16:03:16.80276
1034,115,4,2,item,hare,true,false,2024-04-18 16:03:19.378406
1035,115,5,1,item,hare,true,false,2024-04-18 16:03:21.476699
1036,115,5,2,item,hare,true,false,2024-04-18 16:03:21.639979
1037,116,1,1,item,hare,false,false,2024-04-18 16:09:54.290972
1038,116,1,2,item,hare,false,false,2024-04-18 16:10:01.696368
1039,116,2,1,item,hare,false,false,2024-04-18 16:10:04.037415
1040,116,2,2,item,hare,false,false,2024-04-18 16:10:08.062379
1041,116,3,2,item,hare,false,false,2024-04-18 16:10:09.864683
1042,116,3,1,item,hare,false,false,2024-04-18 16:10:10.222364
1043,116,4,2,item,hare,false,false,2024-04-18 16:10:13.166892
1044,116,4,1,item,hare,false,false,2024-04-18 16:10:13.196452
1045,116,5,1,item,hare,false,false,2024-04-18 16:10:14.905188
1046,116,5,2,item,hare,false,false,2024-04-18 16:10:16.968294
1047,117,1,2,item,stag,true,true,2024-04-18 16:11:41.769153
1048,117,2,2,item,stag,true,true,2024-04-18 16:11:48.106517
1049,117,3,2,item,stag,true,true,2024-04-18 16:12:00.045902
1050,117,4,1,item,stag,true,true,2024-04-18 16:12:05.678113
1051,117,5,2,item,stag,true,true,2024-04-18 16:12:07.286056
1052,117,5,1,item,stag,true,true,2024-04-18 16:12:11.891927
1053,118,1,2,item,hare,true,false,2024-04-18 16:11:09.114366
1054,118,1,1,item,hare,true,false,2024-04-18 16:11:22.607815
1055,118,2,1,item,stag,true,false,2024-04-18 16:11:35.958
1056,118,3,1,item,hare,true,false,2024-04-18 16:11:48.963185
1057,118,3,2,item,hare,true,false,2024-04-18 16:11:49.260527
1058,118,4,2,chat,stag?,true,false,2024-04-18 16:11:52.983138
1059,118,4,2,item,stag,true,false,2024-04-18 16:12:11.106565
1060,118,5,1,chat,YES,true,false,2024-04-18 16:12:13.197663
1061,118,5,1,item,stag,true,false,2024-04-18 16:12:29.193125
1062,119,1,2,item,hare,false,false,2024-04-18 16:12:02.136678
1063,119,1,1,item,hare,false,false,2024-04-18 16:12:32.767229
1064,119,2,1,item,hare,false,false,2024-04-18 16:12:35.411884
1065,119,2,2,item,hare,false,false,2024-04-18 16:12:59.898206
1066,119,3,2,item,hare,false,false,2024-04-18 16:13:02.217295
1067,119,3,1,item,hare,false,false,2024-04-18 16:13:25.678401
1068,119,4,2,item,hare,false,false,2024-04-18 16:13:27.50179
1069,119,4,1,item,hare,false,false,2024-04-18 16:13:29.655401
1070,119,5,1,item,hare,false,false,2024-04-18 16:13:31.965729
1071,119,5,2,item,hare,false,false,2024-04-18 16:13:33.469078
1072,120,1,1,item,hare,true,false,2024-04-18 16:14:27.356818
1073,120,1,2,item,hare,true,false,2024-04-18 16:14:31.12673
1074,120,2,2,item,hare,true,false,2024-04-18 16:14:34.003124
1075,120,2,1,item,hare,true,false,2024-04-18 16:14:39.244634
1076,120,3,1,item,hare,true,false,2024-04-18 16:14:45.593319
1077,120,3,2,item,hare,true,false,2024-04-18 16:14:47.235508
1078,120,4,1,item,hare,true,false,2024-04-18 16:15:09.094443
1079,120,4,2,item,hare,true,false,2024-04-18 16:15:21.072393
1080,120,5,2,item,hare,true,false,2024-04-18 16:15:23.297972
1081,120,5,1,item,hare,true,false,2024-04-18 16:15:35.40857
1082,121,1,2,item,hare,true,false,2024-04-18 16:13:47.708762
1083,121,1,1,item,hare,true,false,2024-04-18 16:13:54.175518
1084,121,2,2,item,hare,true,false,2024-04-18 16:13:58.401903
1085,121,2,1,item,hare,true,false,2024-04-18 16:14:00.041538
1086,121,3,1,item,hare,true,false,2024-04-18 16:14:38.229036
1087,121,3,2,item,hare,true,false,2024-04-18 16:14:51.443349
1088,121,4,1,item,hare,true,false,2024-04-18 16:14:54.374655
1089,121,4,2,item,hare,true,false,2024-04-18 16:15:07.575095
1090,121,5,2,item,hare,true,false,2024-04-18 16:15:15.944538
1091,121,5,1,item,hare,true,false,2024-04-18 16:16:04.497755
1092,122,1,1,item,stag,true,true,2024-04-18 17:54:17.455344
1093,122,2,1,item,hare,true,true,2024-04-18 17:54:40.124106
1094,122,2,1,chat,press spacebar,true,true,2024-04-18 17:55:25.02258
1095,122,2,2,item,stag,true,true,2024-04-18 17:55:30.48422
1096,122,3,1,item,stag,true,true,2024-04-18 17:55:37.388943
1097,122,4,2,item,hare,true,true,2024-04-18 17:55:43.776647
1098,122,4,1,item,stag,true,true,2024-04-18 17:55:59.920602
1099,122,5,1,item,stag,true,true,2024-04-18 17:56:03.331796
1100,123,1,2,item,hare,true,true,2024-04-18 18:22:17.812655
1101,123,1,1,item,hare,true,true,2024-04-18 18:23:02.076261
1102,123,2,2,item,stag,true,true,2024-04-18 18:23:11.505638
1103,123,3,1,item,stag,true,true,2024-04-18 18:23:17.479297
1104,123,4,2,item,stag,true,true,2024-04-18 18:23:30.251108
1105,123,5,2,item,stag,true,true,2024-04-18 18:23:35.241378
