,game_id,round_id,item_id,position_x,position_y
0,001,1,hare1,1,8
1,001,1,hare2,13,2
2,001,1,stag1,3,9
3,001,1,player1,1,7
4,001,1,player2,3,9
5,001,2,stag1,7,12
6,001,2,hare1,13,12
7,001,2,hare2,12,13
8,001,2,player1,3,10
9,001,2,player2,3,9
10,001,3,stag1,13,10
11,001,3,hare1,6,8
12,001,3,hare2,1,10
13,001,3,player1,7,12
14,001,3,player2,7,12
15,001,4,stag1,10,1
16,001,4,hare1,14,9
17,001,4,hare2,2,9
18,001,4,player1,13,10
19,001,4,player2,13,10
20,001,5,stag1,11,6
21,001,5,hare1,12,13
22,001,5,hare2,13,3
23,001,5,player1,10,1
24,001,5,player2,9,1
25,002,1,hare1,4,4
26,002,1,hare2,13,6
27,002,1,stag1,7,9
28,002,1,player1,4,4
29,002,1,player2,4,5
30,002,2,stag1,6,4
31,002,2,hare1,5,8
32,002,2,hare2,3,5
33,002,2,player1,10,9
34,002,2,player2,13,6
35,002,3,stag1,12,10
36,002,3,hare1,1,10
37,002,3,hare2,2,14
38,002,3,player1,12,10
39,002,3,player2,0,10
40,002,4,stag1,6,11
41,002,4,hare1,11,7
42,002,4,hare2,13,4
43,002,4,player1,6,11
44,002,4,player2,11,6
45,002,5,stag1,0,4
46,002,5,hare1,14,8
47,002,5,hare2,2,13
48,002,5,player1,0,5
49,002,5,player2,2,13
50,003,1,hare1,14,0
51,003,1,hare2,10,10
52,003,1,stag1,14,1
53,003,1,player1,2,12
54,003,2,stag1,10,12
55,003,2,hare1,13,8
56,003,2,hare2,1,0
57,003,2,player1,14,8
58,003,2,player2,10,13
59,003,3,stag1,12,7
60,003,3,hare1,10,5
61,003,3,hare2,10,4
62,003,3,player1,6,7
63,003,3,player2,13,8
64,003,4,stag1,3,10
65,003,4,hare1,1,12
66,003,4,hare2,0,5
67,003,4,player1,1,13
68,003,4,player2,3,9
69,003,5,stag1,2,8
70,003,5,hare1,11,7
71,003,5,hare2,10,6
72,003,5,player1,12,7
73,003,5,player2,2,9
74,004,1,hare1,11,2
75,004,1,hare2,14,14
76,004,1,stag1,3,13
77,004,1,player1,6,5
78,004,1,player2,11,1
79,004,2,stag1,14,6
80,004,2,hare1,2,5
81,004,2,hare2,3,6
82,004,2,player1,3,13
83,004,2,player2,3,14
84,004,3,stag1,4,11
85,004,3,hare1,13,8
86,004,3,hare2,11,10
87,004,3,player1,14,6
88,004,3,player2,14,5
89,004,4,stag1,11,3
90,004,4,hare1,8,0
91,004,4,hare2,9,3
92,004,4,player1,4,11
93,004,4,player2,4,10
94,004,5,stag1,2,4
95,004,5,hare1,7,9
96,004,5,hare2,14,4
97,004,5,player1,11,3
98,004,5,player2,11,4
99,005,1,hare1,6,6
100,005,1,hare2,1,4
101,005,1,stag1,3,8
102,005,1,player1,6,4
103,005,1,player2,3,8
104,005,2,stag1,13,10
105,005,2,hare1,7,4
106,005,2,hare2,5,0
107,005,2,player1,11,9
108,005,2,player2,7,4
109,005,3,stag1,10,5
110,005,3,hare1,14,13
111,005,3,hare2,10,3
112,005,3,player1,13,10
113,005,3,player2,13,10
114,005,4,stag1,8,10
115,005,4,hare1,13,2
116,005,4,hare2,13,13
117,005,4,player1,10,5
118,005,4,player2,9,5
119,005,5,stag1,13,10
120,005,5,hare1,5,0
121,005,5,hare2,12,1
122,005,5,player1,8,10
123,005,5,player2,9,10
124,006,1,hare1,1,6
125,006,1,hare2,8,7
126,006,1,stag1,12,5
127,006,1,player1,12,4
128,006,1,player2,8,7
129,006,2,stag1,4,14
130,006,2,hare1,3,2
131,006,2,hare2,1,13
132,006,2,player1,12,5
133,006,2,player2,13,6
134,006,3,stag1,14,3
135,006,3,hare1,1,3
136,006,3,hare2,0,1
137,006,3,player1,8,2
138,006,3,player2,1,2
139,006,4,stag1,9,9
140,006,4,hare1,2,6
141,006,4,hare2,0,14
142,006,4,player1,14,3
143,006,4,player2,14,3
144,006,5,stag1,6,11
145,006,5,hare1,13,10
146,006,5,hare2,1,3
147,006,5,player1,6,12
148,006,5,player2,13,10
149,007,1,hare1,5,5
150,007,1,hare2,4,10
151,007,1,stag1,4,6
152,007,1,player1,12,7
153,007,2,stag1,13,8
154,007,2,hare1,12,10
155,007,2,hare2,4,5
156,007,2,player1,4,6
157,007,2,player2,4,6
158,007,3,stag1,5,1
159,007,3,hare1,0,5
160,007,3,hare2,2,8
161,007,3,player1,13,8
162,007,3,player2,14,8
163,007,4,stag1,1,12
164,007,4,hare1,6,6
165,007,4,hare2,10,13
166,007,4,player1,5,1
167,007,4,player2,6,1
168,007,5,stag1,10,13
169,007,5,hare1,8,14
170,007,5,hare2,10,10
171,007,5,player1,1,12
172,007,5,player2,1,12
173,008,1,hare1,13,8
174,008,1,hare2,3,8
175,008,1,stag1,6,12
176,008,1,player1,7,12
177,008,1,player2,3,8
178,008,2,stag1,3,0
179,008,2,hare1,14,1
180,008,2,hare2,7,0
181,008,2,player1,13,2
182,008,2,player2,7,0
183,008,3,stag1,7,9
184,008,3,hare1,10,10
185,008,3,hare2,10,7
186,008,3,player1,10,7
187,008,3,player2,14,8
188,008,4,stag1,6,9
189,008,4,hare1,5,0
190,008,4,hare2,14,5
191,008,4,player1,14,7
192,008,4,player2,5,0
193,008,5,stag1,13,10
194,008,5,hare1,13,5
195,008,5,hare2,9,3
196,008,5,player1,13,5
197,008,5,player2,13,5
198,009,1,hare1,1,7
199,009,1,hare2,1,14
200,009,1,stag1,3,6
201,009,1,player1,1,14
202,009,1,player2,3,7
203,009,2,stag1,9,6
204,009,2,hare1,13,6
205,009,2,hare2,14,10
206,009,2,player1,14,6
207,009,2,player2,14,6
208,009,3,stag1,3,5
209,009,3,hare1,5,10
210,009,3,hare2,14,6
211,009,3,player1,5,10
212,009,3,player2,6,6
213,009,4,stag1,12,10
214,009,4,hare1,14,5
215,009,4,hare2,3,11
216,009,4,player1,14,5
217,009,4,player2,10,5
218,009,5,stag1,12,13
219,009,5,hare1,4,2
220,009,5,hare2,9,1
221,009,5,player1,12,10
222,009,5,player2,12,11
223,010,1,hare1,5,3
224,010,1,hare2,3,10
225,010,1,stag1,12,8
226,010,1,player1,3,10
227,010,1,player2,12,8
228,010,2,stag1,0,5
229,010,2,hare1,4,1
230,010,2,hare2,12,11
231,010,2,player1,12,11
232,010,2,player2,0,5
233,010,3,stag1,4,14
234,010,3,hare1,12,2
235,010,3,hare2,2,4
236,010,3,player1,0,6
237,010,3,player2,0,5
238,010,4,stag1,2,7
239,010,4,hare1,6,1
240,010,4,hare2,7,6
241,010,4,player1,4,14
242,010,4,player2,4,13
243,010,5,stag1,0,2
244,010,5,hare1,1,12
245,010,5,hare2,13,6
246,010,5,player1,2,6
247,010,5,player2,2,6
248,011,1,hare1,6,7
249,011,1,hare2,10,4
250,011,1,stag1,5,13
251,011,1,player1,11,2
252,011,2,stag1,1,13
253,011,2,hare1,6,14
254,011,2,hare2,10,12
255,011,2,player1,5,14
256,011,2,player2,5,13
257,011,3,stag1,3,6
258,011,3,hare1,12,13
259,011,3,hare2,2,4
260,011,3,player1,1,14
261,011,3,player2,1,13
262,011,4,stag1,6,1
263,011,4,hare1,8,13
264,011,4,hare2,13,8
265,011,4,player1,3,5
266,011,4,player2,3,6
267,011,5,stag1,0,5
268,011,5,hare1,1,7
269,011,5,hare2,7,10
270,011,5,player1,6,0
271,011,5,player2,6,1
272,012,1,hare1,10,11
273,012,1,hare2,7,11
274,012,1,stag1,13,14
275,012,1,player1,9,5
276,012,2,stag1,4,11
277,012,2,hare1,7,14
278,012,2,hare2,11,5
279,012,2,player1,13,14
280,012,2,player2,13,14
281,012,3,stag1,1,10
282,012,3,hare1,5,13
283,012,3,hare2,9,11
284,012,3,player1,3,11
285,012,3,player2,4,11
286,012,4,stag1,2,4
287,012,4,hare1,0,2
288,012,4,hare2,14,6
289,012,4,player1,0,10
290,012,4,player2,1,10
291,012,5,stag1,13,11
292,012,5,hare1,0,4
293,012,5,hare2,6,3
294,012,5,player1,2,4
295,012,5,player2,2,4
296,013,1,hare1,10,8
297,013,1,hare2,14,14
298,013,1,stag1,8,1
299,013,1,player1,10,8
300,013,2,stag1,7,14
301,013,2,hare1,4,8
302,013,2,hare2,4,13
303,013,2,player1,8,1
304,013,2,player2,8,1
305,013,3,stag1,0,7
306,013,3,hare1,0,12
307,013,3,hare2,4,11
308,013,3,player1,0,7
309,013,3,player2,0,12
310,013,4,stag1,7,14
311,013,4,hare1,1,2
312,013,4,hare2,1,4
313,013,4,player1,0,7
314,013,4,player2,1,7
315,013,5,stag1,9,7
316,013,5,hare1,0,7
317,013,5,hare2,8,2
318,013,5,player1,7,4
319,013,5,player2,0,7
320,014,1,hare1,13,4
321,014,1,hare2,2,0
322,014,1,stag1,9,13
323,014,1,player1,14,4
324,014,1,player2,9,13
325,014,2,stag1,1,13
326,014,2,hare1,13,14
327,014,2,hare2,11,12
328,014,2,player1,9,14
329,014,2,player2,9,13
330,014,3,stag1,12,3
331,014,3,hare1,4,14
332,014,3,hare2,7,7
333,014,3,player1,1,11
334,014,3,player2,1,12
335,014,4,stag1,1,7
336,014,4,hare1,2,3
337,014,4,hare2,8,8
338,014,4,player1,2,3
339,014,4,player2,1,7
340,014,5,stag1,12,14
341,014,5,hare1,9,1
342,014,5,hare2,5,9
343,014,5,player1,5,9
344,014,5,player2,12,14
345,015,1,hare1,8,6
346,015,1,hare2,13,6
347,015,1,stag1,10,12
348,015,1,player1,9,7
349,015,1,player2,9,6
350,015,2,stag1,4,12
351,015,2,hare1,5,5
352,015,2,hare2,6,14
353,015,2,player1,3,13
354,015,2,player2,4,5
355,015,3,stag1,0,14
356,015,3,hare1,9,11
357,015,3,hare2,10,5
358,015,3,player1,0,13
359,015,3,player2,10,11
360,015,4,stag1,10,8
361,015,4,hare1,11,11
362,015,4,hare2,7,8
363,015,4,player1,5,13
364,015,4,player2,7,8
365,015,5,stag1,12,5
366,015,5,hare1,5,7
367,015,5,hare2,13,11
368,015,5,player1,7,5
369,015,5,player2,14,11
370,016,1,hare1,4,8
371,016,1,hare2,5,6
372,016,1,stag1,8,14
373,016,1,player1,3,10
374,016,2,stag1,1,5
375,016,2,hare1,7,8
376,016,2,hare2,1,4
377,016,2,player1,7,8
378,016,2,player2,2,4
379,016,3,stag1,5,0
380,016,3,hare1,5,2
381,016,3,hare2,10,12
382,016,3,player1,2,5
383,016,3,player2,1,5
384,016,4,stag1,6,3
385,016,4,hare1,1,6
386,016,4,hare2,8,13
387,016,4,player1,5,0
388,016,4,player2,4,0
389,016,5,stag1,10,14
390,016,5,hare1,13,3
391,016,5,hare2,12,4
392,016,5,player1,7,3
393,016,5,player2,6,3
394,017,1,hare1,9,3
395,017,1,hare2,4,7
396,017,1,stag1,8,4
397,017,1,player1,14,3
398,017,2,stag1,2,13
399,017,2,hare1,8,1
400,017,2,hare2,12,0
401,017,2,player1,8,4
402,017,2,player2,8,3
403,017,3,stag1,14,14
404,017,3,hare1,4,10
405,017,3,hare2,14,10
406,017,3,player1,2,13
407,017,3,player2,2,14
408,017,4,stag1,8,13
409,017,4,hare1,4,10
410,017,4,hare2,13,8
411,017,4,player1,14,14
412,017,4,player2,14,14
413,017,5,stag1,5,6
414,017,5,hare1,2,12
415,017,5,hare2,9,3
416,017,5,player1,8,13
417,017,5,player2,8,13
418,018,1,hare1,14,11
419,018,1,hare2,6,3
420,018,1,stag1,1,3
421,018,1,player1,6,1
422,018,2,stag1,14,14
423,018,2,hare1,6,10
424,018,2,hare2,0,7
425,018,2,player1,0,8
426,018,2,player2,10,9
427,018,3,stag1,7,14
428,018,3,hare1,4,14
429,018,3,hare2,14,12
430,018,3,player1,14,14
431,018,3,player2,14,14
432,018,4,stag1,6,1
433,018,4,hare1,11,2
434,018,4,hare2,0,11
435,018,4,player1,7,14
436,018,4,player2,7,14
437,018,5,stag1,14,10
438,018,5,hare1,13,14
439,018,5,hare2,2,0
440,018,5,player1,6,1
441,018,5,player2,6,1
442,019,1,hare1,3,7
443,019,1,hare2,4,9
444,019,1,stag1,10,9
445,019,1,player1,4,9
446,019,1,player2,6,9
447,019,2,stag1,2,3
448,019,2,hare1,8,11
449,019,2,hare2,10,8
450,019,2,player1,8,11
451,019,2,player2,11,8
452,019,3,stag1,4,12
453,019,3,hare1,1,13
454,019,3,hare2,14,2
455,019,3,player1,8,11
456,019,3,player2,9,8
457,019,4,stag1,11,1
458,019,4,hare1,0,7
459,019,4,hare2,8,13
460,019,4,player1,4,12
461,019,4,player2,5,12
462,019,5,stag1,5,7
463,019,5,hare1,1,6
464,019,5,hare2,7,10
465,019,5,player1,0,6
466,019,5,player2,6,8
467,020,1,hare1,10,0
468,020,1,hare2,8,9
469,020,1,stag1,6,3
470,020,1,player1,8,9
471,020,2,stag1,12,9
472,020,2,hare1,4,3
473,020,2,hare2,0,14
474,020,2,player1,4,3
475,020,2,player2,7,3
476,020,3,stag1,13,14
477,020,3,hare1,2,4
478,020,3,hare2,4,9
479,020,3,player1,5,9
480,020,3,player2,12,14
481,020,4,stag1,13,5
482,020,4,hare1,1,11
483,020,4,hare2,6,5
484,020,4,player1,1,11
485,020,4,player2,0,10
486,020,5,stag1,7,1
487,020,5,hare1,0,9
488,020,5,hare2,1,3
489,020,5,player1,0,3
490,020,5,player2,3,10
491,021,1,hare1,3,0
492,021,1,hare2,8,14
493,021,1,stag1,4,6
494,021,1,player1,9,8
495,021,2,stag1,7,9
496,021,2,hare1,13,4
497,021,2,hare2,7,4
498,021,2,player1,7,4
499,021,2,player2,14,4
500,021,3,stag1,6,5
501,021,3,hare1,12,7
502,021,3,hare2,7,10
503,021,3,player1,6,9
504,021,3,player2,11,7
505,021,4,stag1,8,3
506,021,4,hare1,8,6
507,021,4,hare2,0,2
508,021,4,player1,7,6
509,021,4,player2,9,5
510,021,5,stag1,4,7
511,021,5,hare1,12,3
512,021,5,hare2,4,8
513,021,5,player1,4,7
514,021,5,player2,12,3
515,022,1,hare1,5,10
516,022,1,hare2,12,13
517,022,1,stag1,13,11
518,022,1,player1,12,13
519,022,1,player2,10,6
520,022,2,stag1,10,0
521,022,2,hare1,9,1
522,022,2,hare2,13,10
523,022,2,player1,13,10
524,022,2,player2,13,13
525,022,3,stag1,8,14
526,022,3,hare1,3,9
527,022,3,hare2,12,14
528,022,3,player1,12,14
529,022,3,player2,8,12
530,022,4,stag1,3,3
531,022,4,hare1,5,7
532,022,4,hare2,7,0
533,022,4,player1,5,7
534,022,4,player2,3,4
535,022,5,stag1,0,14
536,022,5,hare1,4,11
537,022,5,hare2,2,10
538,022,5,player1,2,8
539,022,5,player2,4,11
540,023,1,hare1,4,14
541,023,1,hare2,7,3
542,023,1,stag1,2,14
543,023,1,player1,9,6
544,023,2,stag1,2,9
545,023,2,hare1,13,3
546,023,2,hare2,13,13
547,023,2,player1,2,14
548,023,2,player2,1,14
549,023,3,stag1,0,2
550,023,3,hare1,0,12
551,023,3,hare2,1,9
552,023,3,player1,2,8
553,023,3,player2,2,9
554,023,4,stag1,3,9
555,023,4,hare1,9,1
556,023,4,hare2,3,14
557,023,4,player1,0,1
558,023,4,player2,1,1
559,023,5,stag1,4,3
560,023,5,hare1,4,1
561,023,5,hare2,10,13
562,023,5,player1,3,9
563,023,5,player2,3,10
564,024,1,hare1,8,1
565,024,1,hare2,2,5
566,024,1,stag1,4,1
567,024,1,player1,5,10
568,024,2,stag1,6,0
569,024,2,hare1,8,0
570,024,2,hare2,0,13
571,024,2,player1,6,0
572,024,2,player2,8,0
573,024,3,stag1,1,6
574,024,3,hare1,14,1
575,024,3,hare2,10,5
576,024,3,player1,6,3
577,024,3,player2,10,5
578,024,4,stag1,8,2
579,024,4,hare1,12,10
580,024,4,hare2,6,3
581,024,4,player1,6,4
582,024,4,player2,12,10
583,024,5,stag1,8,5
584,024,5,hare1,6,2
585,024,5,hare2,0,11
586,024,5,player1,6,2
587,024,5,player2,11,10
588,025,1,hare1,9,3
589,025,1,hare2,6,0
590,025,1,stag1,0,7
591,025,1,player1,12,12
592,025,2,stag1,10,12
593,025,2,hare1,13,2
594,025,2,hare2,11,6
595,025,2,player1,0,7
596,025,2,player2,0,7
597,025,3,stag1,4,13
598,025,3,hare1,6,2
599,025,3,hare2,13,8
600,025,3,player1,10,12
601,025,3,player2,10,13
602,025,4,stag1,8,11
603,025,4,hare1,9,8
604,025,4,hare2,7,6
605,025,4,player1,3,13
606,025,4,player2,4,13
607,025,5,stag1,4,6
608,025,5,hare1,14,8
609,025,5,hare2,1,12
610,025,5,player1,8,11
611,025,5,player2,8,11
612,026,1,hare1,5,11
613,026,1,hare2,14,14
614,026,1,stag1,7,10
615,026,1,player1,5,12
616,026,2,stag1,0,12
617,026,2,hare1,5,8
618,026,2,hare2,13,3
619,026,2,player1,5,9
620,026,2,player2,4,14
621,026,3,stag1,13,3
622,026,3,hare1,11,10
623,026,3,hare2,10,10
624,026,3,player1,10,10
625,026,3,player2,11,7
626,026,4,stag1,6,1
627,026,4,hare1,2,5
628,026,4,hare2,1,2
629,026,4,player1,0,2
630,026,4,player2,5,1
631,026,5,stag1,14,2
632,026,5,hare1,14,13
633,026,5,hare2,5,8
634,026,5,player1,6,1
635,026,5,player2,1,2
636,027,1,hare1,4,1
637,027,1,hare2,2,11
638,027,1,stag1,8,0
639,027,1,player1,4,1
640,027,1,player2,9,7
641,027,2,stag1,1,4
642,027,2,hare1,3,12
643,027,2,hare2,10,10
644,027,2,player1,3,12
645,027,2,player2,3,9
646,027,3,stag1,9,12
647,027,3,hare1,13,1
648,027,3,hare2,11,8
649,027,3,player1,11,8
650,027,3,player2,11,8
651,027,4,stag1,2,10
652,027,4,hare1,14,3
653,027,4,hare2,3,13
654,027,4,player1,14,3
655,027,4,player2,14,3
656,027,5,stag1,6,2
657,027,5,hare1,13,0
658,027,5,hare2,12,3
659,027,5,player1,12,3
660,027,5,player2,14,6
661,028,1,hare1,2,6
662,028,1,hare2,12,3
663,028,1,stag1,0,8
664,028,1,player1,8,6
665,028,2,stag1,4,12
666,028,2,hare1,2,14
667,028,2,hare2,12,11
668,028,2,player1,0,8
669,028,2,player2,0,8
670,028,3,stag1,7,1
671,028,3,hare1,14,9
672,028,3,hare2,3,14
673,028,3,player1,5,12
674,028,3,player2,5,12
675,028,4,stag1,11,1
676,028,4,hare1,5,1
677,028,4,hare2,11,11
678,028,4,player1,7,1
679,028,4,player2,7,1
680,028,5,stag1,5,11
681,028,5,hare1,4,4
682,028,5,hare2,3,1
683,028,5,player1,11,1
684,028,5,player2,11,1
685,029,1,hare1,3,11
686,029,1,hare2,10,6
687,029,1,stag1,1,9
688,029,1,player1,11,12
689,029,2,stag1,12,12
690,029,2,hare1,5,8
691,029,2,hare2,1,0
692,029,2,player1,1,9
693,029,2,player2,1,10
694,029,3,stag1,13,5
695,029,3,hare1,4,8
696,029,3,hare2,14,7
697,029,3,player1,13,12
698,029,3,player2,12,12
699,029,4,stag1,2,0
700,029,4,hare1,0,6
701,029,4,hare2,1,10
702,029,4,player1,13,5
703,029,4,player2,13,6
704,029,5,stag1,13,2
705,029,5,hare1,5,10
706,029,5,hare2,11,14
707,029,5,player1,2,0
708,029,5,player2,1,0
709,030,1,hare1,6,11
710,030,1,hare2,14,6
711,030,1,stag1,1,0
712,030,1,player1,6,12
713,030,2,stag1,3,5
714,030,2,hare1,3,10
715,030,2,hare2,2,5
716,030,2,player1,2,5
717,030,2,player2,6,13
718,030,3,stag1,12,10
719,030,3,hare1,0,0
720,030,3,hare2,11,9
721,030,3,player1,11,9
722,030,3,player2,6,10
723,030,4,stag1,11,8
724,030,4,hare1,8,7
725,030,4,hare2,5,3
726,030,4,player1,8,7
727,030,4,player2,9,6
728,030,5,stag1,1,6
729,030,5,hare1,1,9
730,030,5,hare2,3,11
731,030,5,player1,1,9
732,030,5,player2,11,8
733,031,1,hare1,2,3
734,031,1,hare2,6,1
735,031,1,stag1,8,11
736,031,1,player1,2,3
737,031,1,player2,8,3
738,031,2,stag1,12,10
739,031,2,hare1,2,11
740,031,2,hare2,10,9
741,031,2,player1,12,9
742,031,2,player2,2,12
743,031,3,stag1,10,0
744,031,3,hare1,6,6
745,031,3,hare2,3,0
746,031,3,player1,12,10
747,031,3,player2,12,11
748,031,4,stag1,0,11
749,031,4,hare1,14,7
750,031,4,hare2,14,5
751,031,4,player1,1,9
752,031,4,player2,13,5
753,031,5,stag1,14,9
754,031,5,hare1,11,9
755,031,5,hare2,0,9
756,031,5,player1,14,8
757,031,5,player2,0,9
758,032,1,hare1,13,8
759,032,1,hare2,12,4
760,032,1,stag1,2,11
761,032,1,player1,13,8
762,032,1,player2,0,1
763,032,2,stag1,2,8
764,032,2,hare1,11,6
765,032,2,hare2,10,4
766,032,2,player1,12,4
767,032,2,player2,13,8
768,032,3,stag1,13,0
769,032,3,hare1,5,5
770,032,3,hare2,10,0
771,032,3,player1,2,8
772,032,3,player2,1,8
773,032,4,stag1,0,14
774,032,4,hare1,1,1
775,032,4,hare2,3,3
776,032,4,player1,13,0
777,032,4,player2,13,0
778,032,5,stag1,3,14
779,032,5,hare1,12,4
780,032,5,hare2,7,6
781,032,5,player1,0,14
782,032,5,player2,0,14
783,033,1,hare1,5,10
784,033,1,hare2,0,13
785,033,1,stag1,6,4
786,033,1,player1,5,10
787,033,1,player2,13,13
788,033,2,stag1,5,10
789,033,2,hare1,13,14
790,033,2,hare2,0,11
791,033,2,player1,0,11
792,033,2,player2,5,10
793,033,3,stag1,9,7
794,033,3,hare1,0,2
795,033,3,hare2,5,11
796,033,3,player1,5,11
797,033,3,player2,5,11
798,033,4,stag1,2,5
799,033,4,hare1,1,5
800,033,4,hare2,3,12
801,033,4,player1,3,6
802,033,4,player2,1,5
803,033,5,stag1,9,2
804,033,5,hare1,5,11
805,033,5,hare2,1,14
806,033,5,player1,1,14
807,033,5,player2,4,11
808,034,1,hare1,2,3
809,034,1,hare2,6,1
810,034,1,stag1,14,13
811,034,1,player1,8,7
812,034,2,stag1,5,13
813,034,2,hare1,3,8
814,034,2,hare2,3,1
815,034,2,player1,14,13
816,034,2,player2,14,13
817,034,3,stag1,10,3
818,034,3,hare1,7,4
819,034,3,hare2,5,4
820,034,3,player1,8,9
821,034,3,player2,5,4
822,034,4,stag1,1,2
823,034,4,hare1,9,4
824,034,4,hare2,6,11
825,034,4,player1,7,3
826,034,4,player2,9,4
827,034,5,stag1,4,8
828,034,5,hare1,0,13
829,034,5,hare2,14,14
830,034,5,player1,1,2
831,034,5,player2,1,2
832,035,1,hare1,0,9
833,035,1,hare2,1,8
834,035,1,stag1,6,13
835,035,1,player1,1,8
836,035,1,player2,0,10
837,035,2,stag1,1,14
838,035,2,hare1,3,6
839,035,2,hare2,7,3
840,035,2,player1,2,14
841,035,2,player2,3,5
842,035,3,stag1,12,12
843,035,3,hare1,2,14
844,035,3,hare2,14,13
845,035,3,player1,11,12
846,035,3,player2,2,14
847,035,4,stag1,9,8
848,035,4,hare1,5,4
849,035,4,hare2,13,11
850,035,4,player1,10,8
851,035,4,player2,5,3
852,035,5,stag1,14,8
853,035,5,hare1,10,3
854,035,5,hare2,13,7
855,035,5,player1,4,4
856,035,5,player2,13,10
857,036,1,hare1,5,3
858,036,1,hare2,6,14
859,036,1,stag1,8,12
860,036,1,player1,4,13
861,036,2,stag1,4,12
862,036,2,hare1,7,8
863,036,2,hare2,1,9
864,036,2,player1,8,12
865,036,2,player2,8,12
866,036,3,stag1,6,4
867,036,3,hare1,7,8
868,036,3,hare2,7,4
869,036,3,player1,4,12
870,036,3,player2,4,12
871,036,4,stag1,8,1
872,036,4,hare1,3,10
873,036,4,hare2,0,1
874,036,4,player1,6,4
875,036,4,player2,6,4
876,036,5,stag1,14,5
877,036,5,hare1,2,12
878,036,5,hare2,2,13
879,036,5,player1,8,1
880,036,5,player2,9,1
881,037,1,hare1,4,11
882,037,1,hare2,12,10
883,037,1,stag1,1,14
884,037,1,player1,11,10
885,037,1,player2,0,9
886,037,2,stag1,9,12
887,037,2,hare1,14,7
888,037,2,hare2,0,2
889,037,2,player1,3,11
890,037,2,player2,12,10
891,037,3,stag1,9,10
892,037,3,hare1,11,6
893,037,3,hare2,0,6
894,037,3,player1,9,12
895,037,3,player2,8,12
896,037,4,stag1,4,14
897,037,4,hare1,5,10
898,037,4,hare2,7,1
899,037,4,player1,9,10
900,037,4,player2,10,10
901,037,5,stag1,7,10
902,037,5,hare1,0,11
903,037,5,hare2,0,1
904,037,5,player1,4,14
905,037,5,player2,4,14
906,038,1,hare1,13,1
907,038,1,hare2,13,11
908,038,1,stag1,12,1
909,038,1,player1,13,11
910,038,1,player2,12,1
911,038,2,stag1,11,12
912,038,2,hare1,14,1
913,038,2,hare2,0,8
914,038,2,player1,14,1
915,038,2,player2,12,4
916,038,3,stag1,0,2
917,038,3,hare1,4,14
918,038,3,hare2,6,11
919,038,3,player1,6,11
920,038,3,player2,2,12
921,038,4,stag1,6,2
922,038,4,hare1,14,1
923,038,4,hare2,7,1
924,038,4,player1,7,1
925,038,4,player2,6,2
926,038,5,stag1,5,8
927,038,5,hare1,5,5
928,038,5,hare2,0,5
929,038,5,player1,6,2
930,038,5,player2,6,2
931,039,1,hare1,8,9
932,039,1,hare2,0,9
933,039,1,stag1,1,14
934,039,1,player1,8,9
935,039,1,player2,9,7
936,039,2,stag1,13,10
937,039,2,hare1,6,10
938,039,2,hare2,6,8
939,039,2,player1,6,10
940,039,2,player2,6,10
941,039,3,stag1,11,10
942,039,3,hare1,8,7
943,039,3,hare2,11,5
944,039,3,player1,7,10
945,039,3,player2,8,6
946,039,4,stag1,7,11
947,039,4,hare1,11,13
948,039,4,hare2,13,11
949,039,4,player1,11,13
950,039,4,player2,13,12
951,039,5,stag1,6,8
952,039,5,hare1,7,1
953,039,5,hare2,7,2
954,039,5,player1,7,2
955,039,5,player2,7,2
956,040,1,hare1,10,8
957,040,1,hare2,3,9
958,040,1,stag1,10,12
959,040,1,player1,10,12
960,040,1,player2,2,9
961,040,2,stag1,5,8
962,040,2,hare1,12,7
963,040,2,hare2,14,0
964,040,2,player1,5,7
965,040,2,player2,12,6
966,040,3,stag1,2,12
967,040,3,hare1,1,3
968,040,3,hare2,0,1
969,040,3,player1,3,13
970,040,3,player2,0,1
971,040,4,stag1,3,11
972,040,4,hare1,6,6
973,040,4,hare2,13,5
974,040,4,player1,1,3
975,040,4,player2,2,8
976,040,5,stag1,4,10
977,040,5,hare1,10,1
978,040,5,hare2,14,4
979,040,5,player1,3,11
980,040,5,player2,3,12
981,041,1,hare1,8,9
982,041,1,hare2,2,8
983,041,1,stag1,11,6
984,041,1,player1,10,6
985,041,1,player2,0,8
986,041,2,stag1,14,9
987,041,2,hare1,1,7
988,041,2,hare2,8,13
989,041,2,player1,13,10
990,041,2,player2,1,7
991,041,3,stag1,2,10
992,041,3,hare1,4,13
993,041,3,hare2,4,1
994,041,3,player1,14,9
995,041,3,player2,13,9
996,041,4,stag1,6,1
997,041,4,hare1,14,13
998,041,4,hare2,5,4
999,041,4,player1,7,1
1000,041,4,player2,3,5
1001,041,5,stag1,12,6
1002,041,5,hare1,13,7
1003,041,5,hare2,0,9
1004,041,5,player1,11,7
1005,041,5,player2,0,9
1006,042,1,hare1,5,0
1007,042,1,hare2,9,14
1008,042,1,stag1,10,11
1009,042,1,player1,9,13
1010,042,1,player2,12,14
1011,042,2,stag1,7,13
1012,042,2,hare1,4,6
1013,042,2,hare2,14,7
1014,042,2,player1,7,12
1015,042,2,player2,4,3
1016,042,3,stag1,9,14
1017,042,3,hare1,12,5
1018,042,3,hare2,7,7
1019,042,3,player1,7,7
1020,042,3,player2,14,7
1021,042,4,stag1,5,4
1022,042,4,hare1,1,0
1023,042,4,hare2,11,9
1024,042,4,player1,9,6
1025,042,4,player2,10,9
1026,042,5,stag1,3,6
1027,042,5,hare1,6,9
1028,042,5,hare2,6,2
1029,042,5,player1,7,2
1030,042,5,player2,1,0
1031,043,1,hare1,7,13
1032,043,1,hare2,4,11
1033,043,1,stag1,6,4
1034,043,1,player1,7,13
1035,043,1,player2,0,8
1036,043,2,stag1,4,9
1037,043,2,hare1,9,11
1038,043,2,hare2,13,12
1039,043,2,player1,6,5
1040,043,2,player2,6,4
1041,043,3,stag1,7,11
1042,043,3,hare1,1,8
1043,043,3,hare2,6,8
1044,043,3,player1,5,9
1045,043,3,player2,4,9
1046,043,4,stag1,4,1
1047,043,4,hare1,0,11
1048,043,4,hare2,14,5
1049,043,4,player1,0,11
1050,043,4,player2,7,4
1051,043,5,stag1,11,11
1052,043,5,hare1,2,10
1053,043,5,hare2,8,2
1054,043,5,player1,2,10
1055,043,5,player2,8,12
1056,044,1,hare1,6,14
1057,044,1,hare2,9,6
1058,044,1,stag1,13,7
1059,044,1,player1,4,7
1060,044,2,stag1,11,5
1061,044,2,hare1,10,1
1062,044,2,hare2,4,10
1063,044,2,player1,14,7
1064,044,2,player2,13,7
1065,044,3,stag1,2,1
1066,044,3,hare1,10,5
1067,044,3,hare2,11,3
1068,044,3,player1,11,4
1069,044,3,player2,11,5
1070,044,4,stag1,2,12
1071,044,4,hare1,10,6
1072,044,4,hare2,4,7
1073,044,4,player1,2,1
1074,044,4,player2,2,1
1075,044,5,stag1,14,14
1076,044,5,hare1,2,9
1077,044,5,hare2,10,12
1078,044,5,player1,2,13
1079,044,5,player2,2,12
1080,045,1,hare1,0,12
1081,045,1,hare2,2,1
1082,045,1,stag1,6,1
1083,045,1,player1,7,13
1084,045,2,stag1,1,6
1085,045,2,hare1,10,8
1086,045,2,hare2,8,14
1087,045,2,player1,6,1
1088,045,2,player2,8,1
1089,045,3,stag1,11,4
1090,045,3,hare1,6,5
1091,045,3,hare2,3,3
1092,045,3,player1,1,6
1093,045,3,player2,2,7
1094,045,4,stag1,6,0
1095,045,4,hare1,3,4
1096,045,4,hare2,3,2
1097,045,4,player1,12,4
1098,045,4,player2,11,4
1099,045,5,stag1,13,11
1100,045,5,hare1,5,11
1101,045,5,hare2,7,0
1102,045,5,player1,6,0
1103,045,5,player2,5,0
1104,046,1,hare1,2,3
1105,046,1,hare2,9,2
1106,046,1,stag1,11,3
1107,046,1,player1,9,2
1108,046,1,player2,2,4
1109,046,2,stag1,5,8
1110,046,2,hare1,12,11
1111,046,2,hare2,1,3
1112,046,2,player1,1,3
1113,046,2,player2,1,4
1114,046,3,stag1,11,0
1115,046,3,hare1,6,7
1116,046,3,hare2,0,6
1117,046,3,player1,0,6
1118,046,3,player2,0,7
1119,046,4,stag1,12,6
1120,046,4,hare1,10,10
1121,046,4,hare2,3,9
1122,046,4,player1,3,9
1123,046,4,player2,3,9
1124,046,5,stag1,0,5
1125,046,5,hare1,7,6
1126,046,5,hare2,8,1
1127,046,5,player1,7,5
1128,046,5,player2,6,6
1129,047,1,hare1,0,13
1130,047,1,hare2,5,0
1131,047,1,stag1,13,12
1132,047,1,player1,6,8
1133,047,2,stag1,9,0
1134,047,2,hare1,1,3
1135,047,2,hare2,12,9
1136,047,2,player1,13,12
1137,047,2,player2,12,12
1138,047,3,stag1,10,9
1139,047,3,hare1,11,14
1140,047,3,hare2,4,1
1141,047,3,player1,9,0
1142,047,3,player2,10,0
1143,047,4,stag1,14,3
1144,047,4,hare1,9,6
1145,047,4,hare2,3,13
1146,047,4,player1,10,9
1147,047,4,player2,10,8
1148,047,5,stag1,5,4
1149,047,5,hare1,10,2
1150,047,5,hare2,3,14
1151,047,5,player1,14,3
1152,047,5,player2,14,3
1153,048,1,hare1,4,5
1154,048,1,hare2,12,14
1155,048,1,stag1,13,1
1156,048,1,player1,4,5
1157,048,1,player2,3,6
1158,048,2,stag1,4,5
1159,048,2,hare1,6,10
1160,048,2,hare2,14,14
1161,048,2,player1,6,10
1162,048,2,player2,5,6
1163,048,3,stag1,10,6
1164,048,3,hare1,0,8
1165,048,3,hare2,1,8
1166,048,3,player1,1,8
1167,048,3,player2,10,5
1168,048,4,stag1,13,9
1169,048,4,hare1,9,14
1170,048,4,hare2,12,11
1171,048,4,player1,13,11
1172,048,4,player2,14,9
1173,048,5,stag1,2,13
1174,048,5,hare1,1,10
1175,048,5,hare2,11,7
1176,048,5,player1,11,7
1177,048,5,player2,14,7
1178,049,1,hare1,14,3
1179,049,1,hare2,12,14
1180,049,1,stag1,3,11
1181,049,1,player1,13,14
1182,049,1,player2,2,14
1183,049,2,stag1,3,13
1184,049,2,hare1,7,5
1185,049,2,hare2,11,12
1186,049,2,player1,7,5
1187,049,2,player2,2,14
1188,049,3,stag1,1,1
1189,049,3,hare1,3,5
1190,049,3,hare2,14,2
1191,049,3,player1,11,12
1192,049,3,player2,7,5
1193,049,4,stag1,3,0
1194,049,4,hare1,7,3
1195,049,4,hare2,7,9
1196,049,4,player1,1,1
1197,049,4,player2,2,1
1198,049,5,stag1,10,1
1199,049,5,hare1,14,2
1200,049,5,hare2,0,8
1201,049,5,player1,3,0
1202,049,5,player2,4,0
1203,050,1,hare1,10,6
1204,050,1,hare2,5,7
1205,050,1,stag1,12,8
1206,050,1,player1,5,7
1207,050,1,player2,11,8
1208,050,2,stag1,7,9
1209,050,2,hare1,9,12
1210,050,2,hare2,12,12
1211,050,2,player1,12,12
1212,050,2,player2,7,8
1213,050,3,stag1,9,3
1214,050,3,hare1,12,7
1215,050,3,hare2,14,10
1216,050,3,player1,12,7
1217,050,3,player2,7,2
1218,050,4,stag1,1,14
1219,050,4,hare1,7,6
1220,050,4,hare2,10,14
1221,050,4,player1,7,6
1222,050,4,player2,7,6
1223,050,5,stag1,8,5
1224,050,5,hare1,7,5
1225,050,5,hare2,2,7
1226,050,5,player1,1,7
1227,050,5,player2,7,5
1228,051,1,hare1,3,12
1229,051,1,hare2,7,4
1230,051,1,stag1,13,12
1231,051,1,player1,7,4
1232,051,1,player2,13,12
1233,051,2,stag1,7,14
1234,051,2,hare1,1,14
1235,051,2,hare2,1,11
1236,051,2,player1,12,12
1237,051,2,player2,13,12
1238,051,3,stag1,13,8
1239,051,3,hare1,11,10
1240,051,3,hare2,12,7
1241,051,3,player1,7,14
1242,051,3,player2,7,14
1243,051,4,stag1,7,6
1244,051,4,hare1,4,13
1245,051,4,hare2,7,5
1246,051,4,player1,14,8
1247,051,4,player2,13,8
1248,051,5,stag1,1,9
1249,051,5,hare1,8,8
1250,051,5,hare2,11,4
1251,051,5,player1,7,6
1252,051,5,player2,7,6
1253,052,1,hare1,13,2
1254,052,1,hare2,4,3
1255,052,1,stag1,13,7
1256,052,1,player1,7,3
1257,052,1,player2,4,3
1258,052,2,stag1,5,1
1259,052,2,hare1,10,11
1260,052,2,hare2,4,0
1261,052,2,player1,10,11
1262,052,2,player2,9,4
1263,052,3,stag1,6,14
1264,052,3,hare1,12,14
1265,052,3,hare2,0,11
1266,052,3,player1,0,11
1267,052,3,player2,2,9
1268,052,4,stag1,2,7
1269,052,4,hare1,0,2
1270,052,4,hare2,7,12
1271,052,4,player1,0,3
1272,052,4,player2,7,12
1273,052,5,stag1,8,0
1274,052,5,hare1,2,3
1275,052,5,hare2,5,7
1276,052,5,player1,2,3
1277,052,5,player2,5,4
1278,053,1,hare1,14,5
1279,053,1,hare2,13,4
1280,053,1,stag1,8,5
1281,053,1,player1,10,4
1282,053,1,player2,14,5
1283,053,2,stag1,6,11
1284,053,2,hare1,9,12
1285,053,2,hare2,2,13
1286,053,2,player1,8,5
1287,053,2,player2,8,5
1288,053,3,stag1,12,3
1289,053,3,hare1,0,8
1290,053,3,hare2,9,6
1291,053,3,player1,6,11
1292,053,3,player2,6,12
1293,053,4,stag1,13,4
1294,053,4,hare1,13,12
1295,053,4,hare2,5,2
1296,053,4,player1,12,3
1297,053,4,player2,13,3
1298,053,5,stag1,11,11
1299,053,5,hare1,7,1
1300,053,5,hare2,10,9
1301,053,5,player1,13,4
1302,053,5,player2,13,4
1303,054,1,hare1,14,8
1304,054,1,hare2,14,11
1305,054,1,stag1,2,7
1306,054,1,player1,7,8
1307,054,2,stag1,3,12
1308,054,2,hare1,10,11
1309,054,2,hare2,11,3
1310,054,2,player1,3,7
1311,054,2,player2,2,7
1312,054,3,stag1,10,7
1313,054,3,hare1,5,13
1314,054,3,hare2,7,7
1315,054,3,player1,4,12
1316,054,3,player2,3,12
1317,054,4,stag1,7,8
1318,054,4,hare1,5,4
1319,054,4,hare2,3,8
1320,054,4,player1,11,8
1321,054,4,player2,11,7
1322,054,5,stag1,9,6
1323,054,5,hare1,7,8
1324,054,5,hare2,5,9
1325,054,5,player1,9,8
1326,054,5,player2,8,8
1327,055,1,hare1,6,3
1328,055,1,hare2,8,5
1329,055,1,stag1,9,3
1330,055,1,player1,5,7
1331,055,1,player2,8,5
1332,055,2,stag1,14,7
1333,055,2,hare1,2,3
1334,055,2,hare2,13,6
1335,055,2,player1,8,5
1336,055,2,player2,8,5
1337,055,3,stag1,12,5
1338,055,3,hare1,7,1
1339,055,3,hare2,0,13
1340,055,3,player1,14,7
1341,055,3,player2,14,7
1342,055,4,stag1,14,2
1343,055,4,hare1,10,14
1344,055,4,hare2,6,9
1345,055,4,player1,11,5
1346,055,4,player2,12,5
1347,055,5,stag1,8,2
1348,055,5,hare1,10,10
1349,055,5,hare2,12,3
1350,055,5,player1,14,2
1351,055,5,player2,14,1
1352,056,1,hare1,13,3
1353,056,1,hare2,7,2
1354,056,1,stag1,13,7
1355,056,1,player1,13,2
1356,056,1,player2,6,1
1357,056,2,stag1,9,2
1358,056,2,hare1,14,7
1359,056,2,hare2,9,5
1360,056,2,player1,8,5
1361,056,2,player2,8,2
1362,056,3,stag1,3,2
1363,056,3,hare1,5,6
1364,056,3,hare2,6,10
1365,056,3,player1,14,7
1366,056,3,player2,9,5
1367,056,4,stag1,8,2
1368,056,4,hare1,5,5
1369,056,4,hare2,2,4
1370,056,4,player1,2,3
1371,056,4,player2,2,2
1372,056,5,stag1,14,3
1373,056,5,hare1,12,8
1374,056,5,hare2,10,0
1375,056,5,player1,9,2
1376,056,5,player2,8,2
1377,057,1,hare1,8,9
1378,057,1,hare2,2,6
1379,057,1,stag1,0,2
1380,057,1,player1,3,2
1381,057,1,player2,8,9
1382,057,2,stag1,10,0
1383,057,2,hare1,14,8
1384,057,2,hare2,10,13
1385,057,2,player1,9,0
1386,057,2,player2,10,13
1387,057,3,stag1,1,3
1388,057,3,hare1,0,6
1389,057,3,hare2,0,8
1390,057,3,player1,1,3
1391,057,3,player2,0,8
1392,057,4,stag1,2,4
1393,057,4,hare1,1,6
1394,057,4,hare2,9,11
1395,057,4,player1,0,6
1396,057,4,player2,0,8
1397,057,5,stag1,9,12
1398,057,5,hare1,13,2
1399,057,5,hare2,7,12
1400,057,5,player1,2,4
1401,057,5,player2,2,5
1402,058,1,hare1,2,1
1403,058,1,hare2,0,7
1404,058,1,stag1,14,8
1405,058,1,player1,14,8
1406,058,1,player2,0,7
1407,058,2,stag1,4,9
1408,058,2,hare1,2,8
1409,058,2,hare2,3,13
1410,058,2,player1,2,8
1411,058,2,player2,3,12
1412,058,3,stag1,10,2
1413,058,3,hare1,8,7
1414,058,3,hare2,14,7
1415,058,3,player1,4,9
1416,058,3,player2,4,9
1417,058,4,stag1,13,6
1418,058,4,hare1,12,13
1419,058,4,hare2,5,6
1420,058,4,player1,10,1
1421,058,4,player2,10,0
1422,058,5,stag1,14,11
1423,058,5,hare1,7,14
1424,058,5,hare2,14,10
1425,058,5,player1,13,7
1426,058,5,player2,13,6
1427,059,1,hare1,8,0
1428,059,1,hare2,5,13
1429,059,1,stag1,14,1
1430,059,1,player1,5,13
1431,059,1,player2,13,3
1432,059,2,stag1,6,1
1433,059,2,hare1,11,12
1434,059,2,hare2,1,0
1435,059,2,player1,6,8
1436,059,2,player2,8,0
1437,059,3,stag1,0,14
1438,059,3,hare1,13,13
1439,059,3,hare2,13,9
1440,059,3,player1,6,0
1441,059,3,player2,6,1
1442,059,4,stag1,14,0
1443,059,4,hare1,12,1
1444,059,4,hare2,3,6
1445,059,4,player1,0,14
1446,059,4,player2,0,14
1447,059,5,stag1,5,14
1448,059,5,hare1,14,1
1449,059,5,hare2,3,5
1450,059,5,player1,14,2
1451,059,5,player2,13,0
1452,060,1,hare1,9,4
1453,060,1,hare2,14,4
1454,060,1,stag1,3,2
1455,060,1,player1,14,3
1456,060,1,player2,9,12
1457,060,2,stag1,1,10
1458,060,2,hare1,8,4
1459,060,2,hare2,4,6
1460,060,2,player1,9,4
1461,060,2,player2,5,6
1462,060,3,stag1,11,4
1463,060,3,hare1,4,12
1464,060,3,hare2,5,1
1465,060,3,player1,5,0
1466,060,3,player2,3,12
1467,060,4,stag1,1,3
1468,060,4,hare1,8,2
1469,060,4,hare2,1,5
1470,060,4,player1,2,5
1471,060,4,player2,1,5
1472,060,5,stag1,10,1
1473,060,5,hare1,6,8
1474,060,5,hare2,12,4
1475,060,5,player1,6,7
1476,060,5,player2,9,3
1477,061,1,hare1,5,9
1478,061,1,hare2,0,12
1479,061,1,stag1,7,12
1480,061,1,player1,5,9
1481,061,2,stag1,5,9
1482,061,2,hare1,2,11
1483,061,2,hare2,2,4
1484,061,2,player1,6,12
1485,061,2,player2,7,12
1486,061,3,stag1,1,2
1487,061,3,hare1,11,8
1488,061,3,hare2,7,0
1489,061,3,player1,8,0
1490,061,3,player2,5,7
1491,061,4,stag1,10,9
1492,061,4,hare1,9,2
1493,061,4,hare2,7,9
1494,061,4,player1,1,2
1495,061,4,player2,0,2
1496,061,5,stag1,6,13
1497,061,5,hare1,1,12
1498,061,5,hare2,2,2
1499,061,5,player1,10,9
1500,061,5,player2,10,9
1501,062,1,hare1,14,7
1502,062,1,hare2,3,10
1503,062,1,stag1,11,4
1504,062,1,player1,3,10
1505,062,2,stag1,3,12
1506,062,2,hare1,5,11
1507,062,2,hare2,8,6
1508,062,2,player1,8,6
1509,062,2,player2,11,6
1510,062,3,stag1,10,10
1511,062,3,hare1,8,12
1512,062,3,hare2,9,4
1513,062,3,player1,8,12
1514,062,3,player2,6,12
1515,062,4,stag1,5,3
1516,062,4,hare1,9,0
1517,062,4,hare2,12,10
1518,062,4,player1,11,10
1519,062,4,player2,6,5
1520,062,5,stag1,6,1
1521,062,5,hare1,4,6
1522,062,5,hare2,14,1
1523,062,5,player1,5,3
1524,062,5,player2,5,2
1525,063,1,hare1,8,14
1526,063,1,hare2,12,3
1527,063,1,stag1,1,3
1528,063,1,player1,10,6
1529,063,2,stag1,14,8
1530,063,2,hare1,6,5
1531,063,2,hare2,1,4
1532,063,2,player1,1,3
1533,063,2,player2,0,3
1534,063,3,stag1,12,8
1535,063,3,hare1,3,10
1536,063,3,hare2,12,10
1537,063,3,player1,14,8
1538,063,3,player2,14,8
1539,063,4,stag1,7,7
1540,063,4,hare1,6,7
1541,063,4,hare2,6,14
1542,063,4,player1,12,8
1543,063,4,player2,11,8
1544,063,5,stag1,1,4
1545,063,5,hare1,7,14
1546,063,5,hare2,8,11
1547,063,5,player1,7,7
1548,063,5,player2,7,7
1549,064,1,hare1,10,6
1550,064,1,hare2,4,9
1551,064,1,stag1,12,2
1552,064,1,player1,12,2
1553,064,1,player2,4,9
1554,064,2,stag1,11,6
1555,064,2,hare1,11,14
1556,064,2,hare2,0,10
1557,064,2,player1,4,9
1558,064,2,player2,10,6
1559,064,3,stag1,5,9
1560,064,3,hare1,11,10
1561,064,3,hare2,4,6
1562,064,3,player1,9,10
1563,064,3,player2,4,6
1564,064,4,stag1,2,4
1565,064,4,hare1,2,6
1566,064,4,hare2,4,8
1567,064,4,player1,4,10
1568,064,4,player2,4,8
1569,064,5,stag1,10,7
1570,064,5,hare1,11,5
1571,064,5,hare2,7,3
1572,064,5,player1,7,3
1573,064,5,player2,12,5
1574,065,1,hare1,0,2
1575,065,1,hare2,4,1
1576,065,1,stag1,2,11
1577,065,1,player1,11,2
1578,065,2,stag1,8,9
1579,065,2,hare1,11,1
1580,065,2,hare2,8,4
1581,065,2,player1,2,11
1582,065,2,player2,1,11
1583,065,3,stag1,4,14
1584,065,3,hare1,1,12
1585,065,3,hare2,3,5
1586,065,3,player1,8,9
1587,065,3,player2,8,10
1588,065,4,stag1,8,3
1589,065,4,hare1,9,11
1590,065,4,hare2,9,5
1591,065,4,player1,4,14
1592,065,4,player2,4,13
1593,065,5,stag1,3,4
1594,065,5,hare1,12,4
1595,065,5,hare2,4,11
1596,065,5,player1,8,3
1597,065,5,player2,7,3
1598,066,1,hare1,5,8
1599,066,1,hare2,2,9
1600,066,1,stag1,14,4
1601,066,1,player1,3,10
1602,066,2,stag1,6,0
1603,066,2,hare1,13,9
1604,066,2,hare2,1,4
1605,066,2,player1,14,4
1606,066,2,player2,14,3
1607,066,3,stag1,14,12
1608,066,3,hare1,12,8
1609,066,3,hare2,6,10
1610,066,3,player1,5,0
1611,066,3,player2,5,0
1612,066,4,stag1,1,9
1613,066,4,hare1,8,6
1614,066,4,hare2,7,2
1615,066,4,player1,14,12
1616,066,4,player2,14,12
1617,066,5,stag1,14,12
1618,066,5,hare1,4,4
1619,066,5,hare2,12,9
1620,066,5,player1,1,9
1621,066,5,player2,1,9
1622,067,1,hare1,4,6
1623,067,1,hare2,13,2
1624,067,1,stag1,10,1
1625,067,1,player1,14,2
1626,067,1,player2,10,1
1627,067,2,stag1,6,10
1628,067,2,hare1,7,8
1629,067,2,hare2,5,14
1630,067,2,player1,7,9
1631,067,2,player2,6,8
1632,067,3,stag1,13,10
1633,067,3,hare1,1,0
1634,067,3,hare2,11,13
1635,067,3,player1,11,13
1636,067,3,player2,13,10
1637,067,4,stag1,6,7
1638,067,4,hare1,5,14
1639,067,4,hare2,0,1
1640,067,4,player1,6,7
1641,067,4,player2,4,14
1642,067,5,stag1,4,6
1643,067,5,hare1,8,5
1644,067,5,hare2,9,4
1645,067,5,player1,5,10
1646,067,5,player2,8,4
1647,068,1,hare1,3,4
1648,068,1,hare2,12,4
1649,068,1,stag1,4,6
1650,068,1,player1,3,4
1651,068,1,player2,4,9
1652,068,2,stag1,11,1
1653,068,2,hare1,10,12
1654,068,2,hare2,3,1
1655,068,2,player1,12,4
1656,068,2,player2,3,4
1657,068,3,stag1,14,10
1658,068,3,hare1,4,10
1659,068,3,hare2,5,1
1660,068,3,player1,5,2
1661,068,3,player2,4,8
1662,068,4,stag1,10,1
1663,068,4,hare1,6,2
1664,068,4,hare2,11,9
1665,068,4,player1,7,2
1666,068,4,player2,12,9
1667,068,5,stag1,4,5
1668,068,5,hare1,11,1
1669,068,5,hare2,9,12
1670,068,5,player1,11,0
1671,068,5,player2,9,11
1672,069,1,hare1,9,1
1673,069,1,hare2,2,10
1674,069,1,stag1,2,13
1675,069,1,player1,8,6
1676,069,1,player2,2,10
1677,069,2,stag1,8,1
1678,069,2,hare1,12,12
1679,069,2,hare2,6,11
1680,069,2,player1,6,11
1681,069,2,player2,6,1
1682,069,3,stag1,2,7
1683,069,3,hare1,14,11
1684,069,3,hare2,6,10
1685,069,3,player1,14,11
1686,069,3,player2,2,10
1687,069,4,stag1,11,2
1688,069,4,hare1,7,14
1689,069,4,hare2,4,14
1690,069,4,player1,5,9
1691,069,4,player2,7,14
1692,069,5,stag1,3,9
1693,069,5,hare1,9,9
1694,069,5,hare2,7,11
1695,069,5,player1,6,11
1696,069,5,player2,7,10
1697,070,1,hare1,3,0
1698,070,1,hare2,3,4
1699,070,1,stag1,10,3
1700,070,1,player1,3,0
1701,070,1,player2,5,1
1702,070,2,stag1,0,3
1703,070,2,hare1,10,5
1704,070,2,hare2,7,4
1705,070,2,player1,7,5
1706,070,2,player2,10,6
1707,070,3,stag1,4,11
1708,070,3,hare1,10,12
1709,070,3,hare2,7,10
1710,070,3,player1,0,3
1711,070,3,player2,0,4
1712,070,4,stag1,2,1
1713,070,4,hare1,14,1
1714,070,4,hare2,2,9
1715,070,4,player1,4,13
1716,070,4,player2,4,11
1717,070,5,stag1,5,11
1718,070,5,hare1,6,10
1719,070,5,hare2,3,1
1720,070,5,player1,2,2
1721,070,5,player2,2,1
1722,071,1,hare1,7,12
1723,071,1,hare2,12,6
1724,071,1,stag1,11,1
1725,071,1,player1,7,13
1726,071,1,player2,12,6
1727,071,2,stag1,5,9
1728,071,2,hare1,6,0
1729,071,2,hare2,7,0
1730,071,2,player1,6,0
1731,071,2,player2,4,9
1732,071,3,stag1,2,10
1733,071,3,hare1,4,0
1734,071,3,hare2,7,13
1735,071,3,player1,4,0
1736,071,3,player2,5,9
1737,071,4,stag1,1,2
1738,071,4,hare1,10,7
1739,071,4,hare2,2,0
1740,071,4,player1,2,0
1741,071,4,player2,10,7
1742,071,5,stag1,3,14
1743,071,5,hare1,5,13
1744,071,5,hare2,2,5
1745,071,5,player1,2,5
1746,071,5,player2,10,12
1747,072,1,hare1,12,6
1748,072,1,hare2,5,11
1749,072,1,stag1,6,13
1750,072,1,player1,5,11
1751,072,1,player2,12,2
1752,072,2,stag1,6,8
1753,072,2,hare1,3,2
1754,072,2,hare2,7,14
1755,072,2,player1,5,13
1756,072,2,player2,12,6
1757,072,3,stag1,4,2
1758,072,3,hare1,6,14
1759,072,3,hare2,7,14
1760,072,3,player1,6,3
1761,072,3,player2,6,14
1762,072,4,stag1,3,5
1763,072,4,hare1,10,13
1764,072,4,hare2,0,5
1765,072,4,player1,10,12
1766,072,4,player2,0,6
1767,072,5,stag1,6,11
1768,072,5,hare1,11,10
1769,072,5,hare2,2,7
1770,072,5,player1,11,10
1771,072,5,player2,6,7
1772,073,1,hare1,0,14
1773,073,1,hare2,7,3
1774,073,1,stag1,0,4
1775,073,1,player1,8,3
1776,073,1,player2,0,4
1777,073,2,stag1,13,11
1778,073,2,hare1,3,8
1779,073,2,hare2,14,0
1780,073,2,player1,3,8
1781,073,2,player2,13,14
1782,073,3,stag1,7,10
1783,073,3,hare1,14,4
1784,073,3,hare2,6,9
1785,073,3,player1,14,4
1786,073,3,player2,14,0
1787,073,4,stag1,11,10
1788,073,4,hare1,8,4
1789,073,4,hare2,0,1
1790,073,4,player1,9,4
1791,073,4,player2,14,7
1792,073,5,stag1,0,14
1793,073,5,hare1,3,3
1794,073,5,hare2,10,8
1795,073,5,player1,11,8
1796,073,5,player2,5,6
1797,074,1,hare1,5,1
1798,074,1,hare2,2,3
1799,074,1,stag1,2,14
1800,074,1,player1,4,10
1801,074,2,stag1,7,7
1802,074,2,hare1,8,6
1803,074,2,hare2,0,2
1804,074,2,player1,2,14
1805,074,2,player2,2,14
1806,074,3,stag1,12,0
1807,074,3,hare1,6,13
1808,074,3,hare2,0,13
1809,074,3,player1,7,7
1810,074,3,player2,7,7
1811,074,4,stag1,4,14
1812,074,4,hare1,6,10
1813,074,4,hare2,11,4
1814,074,4,player1,13,0
1815,074,4,player2,12,0
1816,074,5,stag1,6,2
1817,074,5,hare1,3,9
1818,074,5,hare2,5,13
1819,074,5,player1,3,13
1820,074,5,player2,3,14
1821,075,1,hare1,5,9
1822,075,1,hare2,2,8
1823,075,1,stag1,2,9
1824,075,1,player1,5,9
1825,075,1,player2,7,11
1826,075,2,stag1,5,5
1827,075,2,hare1,3,11
1828,075,2,hare2,0,4
1829,075,2,player1,5,9
1830,075,2,player2,0,4
1831,075,3,stag1,12,3
1832,075,3,hare1,4,1
1833,075,3,hare2,6,2
1834,075,3,player1,4,11
1835,075,3,player2,0,3
1836,075,4,stag1,9,7
1837,075,4,hare1,12,14
1838,075,4,hare2,9,1
1839,075,4,player1,9,7
1840,075,4,player2,9,1
1841,075,5,stag1,2,1
1842,075,5,hare1,8,3
1843,075,5,hare2,6,6
1844,075,5,player1,1,1
1845,075,5,player2,6,6
1846,076,1,hare1,8,8
1847,076,1,hare2,7,0
1848,076,1,stag1,10,6
1849,076,1,player1,10,6
1850,076,1,player2,8,8
1851,076,2,stag1,5,6
1852,076,2,hare1,5,3
1853,076,2,hare2,7,12
1854,076,2,player1,8,8
1855,076,2,player2,9,9
1856,076,3,stag1,6,4
1857,076,3,hare1,2,14
1858,076,3,hare2,3,2
1859,076,3,player1,6,4
1860,076,3,player2,3,10
1861,076,4,stag1,1,3
1862,076,4,hare1,4,4
1863,076,4,hare2,4,8
1864,076,4,player1,1,3
1865,076,4,player2,4,4
1866,076,5,stag1,13,1
1867,076,5,hare1,5,12
1868,076,5,hare2,8,3
1869,076,5,player1,9,2
1870,076,5,player2,8,3
1871,077,1,hare1,12,8
1872,077,1,hare2,14,9
1873,077,1,stag1,4,11
1874,077,1,player1,12,8
1875,077,1,player2,5,12
1876,077,2,stag1,0,6
1877,077,2,hare1,1,11
1878,077,2,hare2,8,11
1879,077,2,player1,8,11
1880,077,2,player2,12,8
1881,077,3,stag1,14,11
1882,077,3,hare1,14,6
1883,077,3,hare2,10,6
1884,077,3,player1,11,6
1885,077,3,player2,8,11
1886,077,4,stag1,10,10
1887,077,4,hare1,2,1
1888,077,4,hare2,7,5
1889,077,4,player1,9,10
1890,077,4,player2,7,5
1891,077,5,stag1,2,13
1892,077,5,hare1,8,13
1893,077,5,hare2,14,3
1894,077,5,player1,8,13
1895,077,5,player2,5,12
1896,078,1,hare1,8,6
1897,078,1,hare2,11,2
1898,078,1,stag1,11,13
1899,078,1,player1,9,11
1900,078,2,stag1,8,10
1901,078,2,hare1,5,7
1902,078,2,hare2,11,7
1903,078,2,player1,11,13
1904,078,2,player2,11,13
1905,078,3,stag1,1,13
1906,078,3,hare1,8,8
1907,078,3,hare2,2,7
1908,078,3,player1,8,10
1909,078,3,player2,8,11
1910,078,4,stag1,6,12
1911,078,4,hare1,2,12
1912,078,4,hare2,4,0
1913,078,4,player1,1,14
1914,078,4,player2,1,13
1915,078,5,stag1,4,3
1916,078,5,hare1,11,4
1917,078,5,hare2,3,9
1918,078,5,player1,6,12
1919,078,5,player2,6,12
1920,079,1,hare1,11,9
1921,079,1,hare2,7,6
1922,079,1,stag1,5,3
1923,079,1,player1,5,4
1924,079,1,player2,2,11
1925,079,2,stag1,14,10
1926,079,2,hare1,9,2
1927,079,2,hare2,1,7
1928,079,2,player1,5,4
1929,079,2,player2,9,2
1930,079,3,stag1,11,1
1931,079,3,hare1,9,2
1932,079,3,hare2,4,3
1933,079,3,player1,14,10
1934,079,3,player2,14,11
1935,079,4,stag1,10,5
1936,079,4,hare1,14,6
1937,079,4,hare2,5,14
1938,079,4,player1,11,1
1939,079,4,player2,11,2
1940,079,5,stag1,5,9
1941,079,5,hare1,8,14
1942,079,5,hare2,8,12
1943,079,5,player1,5,9
1944,079,5,player2,8,12
1945,080,1,hare1,6,5
1946,080,1,hare2,10,9
1947,080,1,stag1,11,13
1948,080,1,player1,10,9
1949,080,1,player2,9,2
1950,080,2,stag1,13,2
1951,080,2,hare1,12,6
1952,080,2,hare2,9,6
1953,080,2,player1,12,6
1954,080,2,player2,13,5
1955,080,3,stag1,0,8
1956,080,3,hare1,13,4
1957,080,3,hare2,0,9
1958,080,3,player1,12,4
1959,080,3,player2,11,6
1960,080,4,stag1,3,10
1961,080,4,hare1,6,7
1962,080,4,hare2,7,1
1963,080,4,player1,0,9
1964,080,4,player2,0,8
1965,080,5,stag1,13,11
1966,080,5,hare1,6,1
1967,080,5,hare2,11,3
1968,080,5,player1,11,3
1969,080,5,player2,11,4
1970,081,1,hare1,11,0
1971,081,1,hare2,13,1
1972,081,1,stag1,11,2
1973,081,1,player1,13,1
1974,081,2,stag1,3,3
1975,081,2,hare1,4,10
1976,081,2,hare2,3,9
1977,081,2,player1,13,1
1978,081,2,player2,11,0
1979,081,3,stag1,0,3
1980,081,3,hare1,0,1
1981,081,3,hare2,7,14
1982,081,3,player1,3,3
1983,081,3,player2,4,3
1984,081,4,stag1,6,8
1985,081,4,hare1,4,4
1986,081,4,hare2,5,13
1987,081,4,player1,0,3
1988,081,4,player2,0,3
1989,081,5,stag1,5,2
1990,081,5,hare1,5,5
1991,081,5,hare2,11,14
1992,081,5,player1,6,7
1993,081,5,player2,6,8
1994,082,1,hare1,10,10
1995,082,1,hare2,5,11
1996,082,1,stag1,6,1
1997,082,1,player1,6,9
1998,082,2,stag1,4,7
1999,082,2,hare1,0,4
2000,082,2,hare2,6,12
2001,082,2,player1,6,1
2002,082,2,player2,5,1
2003,082,3,stag1,4,1
2004,082,3,hare1,4,11
2005,082,3,hare2,6,10
2006,082,3,player1,4,6
2007,082,3,player2,6,10
2008,082,4,stag1,1,9
2009,082,4,hare1,6,3
2010,082,4,hare2,8,12
2011,082,4,player1,4,10
2012,082,4,player2,8,12
2013,082,5,stag1,6,4
2014,082,5,hare1,8,2
2015,082,5,hare2,10,1
2016,082,5,player1,1,9
2017,082,5,player2,1,9
2018,083,1,hare1,2,11
2019,083,1,hare2,3,10
2020,083,1,stag1,8,9
2021,083,1,player1,1,7
2022,083,2,stag1,7,6
2023,083,2,hare1,12,8
2024,083,2,hare2,6,3
2025,083,2,player1,8,8
2026,083,2,player2,8,9
2027,083,3,stag1,12,3
2028,083,3,hare1,8,8
2029,083,3,hare2,8,1
2030,083,3,player1,7,6
2031,083,3,player2,7,6
2032,083,4,stag1,1,3
2033,083,4,hare1,4,10
2034,083,4,hare2,14,13
2035,083,4,player1,12,3
2036,083,4,player2,12,3
2037,083,5,stag1,4,9
2038,083,5,hare1,8,5
2039,083,5,hare2,13,13
2040,083,5,player1,1,3
2041,083,5,player2,1,3
2042,084,1,hare1,8,0
2043,084,1,hare2,9,0
2044,084,1,stag1,6,14
2045,084,1,player1,5,14
2046,084,1,player2,8,0
2047,084,2,stag1,0,2
2048,084,2,hare1,12,1
2049,084,2,hare2,11,11
2050,084,2,player1,8,0
2051,084,2,player2,12,1
2052,084,3,stag1,12,5
2053,084,3,hare1,1,3
2054,084,3,hare2,7,10
2055,084,3,player1,11,11
2056,084,3,player2,10,11
2057,084,4,stag1,11,2
2058,084,4,hare1,1,10
2059,084,4,hare2,2,7
2060,084,4,player1,10,2
2061,084,4,player2,1,7
2062,084,5,stag1,10,2
2063,084,5,hare1,11,0
2064,084,5,hare2,4,9
2065,084,5,player1,2,7
2066,084,5,player2,4,9
2067,085,1,hare1,6,4
2068,085,1,hare2,5,5
2069,085,1,stag1,3,4
2070,085,1,player1,6,4
2071,085,1,player2,7,10
2072,085,2,stag1,9,13
2073,085,2,hare1,1,10
2074,085,2,hare2,1,13
2075,085,2,player1,3,4
2076,085,2,player2,3,4
2077,085,3,stag1,7,8
2078,085,3,hare1,13,7
2079,085,3,hare2,10,2
2080,085,3,player1,9,14
2081,085,3,player2,9,13
2082,085,4,stag1,13,7
2083,085,4,hare1,14,1
2084,085,4,hare2,8,10
2085,085,4,player1,7,9
2086,085,4,player2,7,8
2087,085,5,stag1,13,12
2088,085,5,hare1,3,5
2089,085,5,hare2,0,0
2090,085,5,player1,13,7
2091,085,5,player2,13,7
2092,086,1,hare1,8,1
2093,086,1,hare2,1,6
2094,086,1,stag1,2,8
2095,086,1,player1,1,6
2096,086,1,player2,6,4
2097,086,2,stag1,6,9
2098,086,2,hare1,14,3
2099,086,2,hare2,1,6
2100,086,2,player1,4,8
2101,086,2,player2,1,5
2102,086,3,stag1,3,3
2103,086,3,hare1,7,10
2104,086,3,hare2,12,12
2105,086,3,player1,3,3
2106,086,3,player2,7,10
2107,086,4,stag1,14,11
2108,086,4,hare1,2,3
2109,086,4,hare2,9,3
2110,086,4,player1,7,11
2111,086,4,player2,12,11
2112,086,5,stag1,10,13
2113,086,5,hare1,0,12
2114,086,5,hare2,3,7
2115,086,5,player1,14,11
2116,086,5,player2,14,12
2117,087,1,hare1,4,10
2118,087,1,hare2,11,0
2119,087,1,stag1,9,10
2120,087,1,player1,9,10
2121,087,1,player2,4,10
2122,087,2,stag1,14,10
2123,087,2,hare1,3,3
2124,087,2,hare2,8,7
2125,087,2,player1,7,7
2126,087,2,player2,6,9
2127,087,3,stag1,0,6
2128,087,3,hare1,6,4
2129,087,3,hare2,0,2
2130,087,3,player1,0,2
2131,087,3,player2,3,2
2132,087,4,stag1,9,7
2133,087,4,hare1,1,12
2134,087,4,hare2,10,12
2135,087,4,player1,11,12
2136,087,4,player2,1,13
2137,087,5,stag1,9,1
2138,087,5,hare1,11,14
2139,087,5,hare2,13,4
2140,087,5,player1,11,14
2141,087,5,player2,1,13
2142,088,1,hare1,14,5
2143,088,1,hare2,10,9
2144,088,1,stag1,12,12
2145,088,1,player1,14,5
2146,088,1,player2,10,12
2147,088,2,stag1,1,5
2148,088,2,hare1,7,0
2149,088,2,hare2,14,6
2150,088,2,player1,1,5
2151,088,2,player2,14,2
2152,088,3,stag1,6,14
2153,088,3,hare1,4,2
2154,088,3,hare2,12,4
2155,088,3,player1,13,5
2156,088,3,player2,4,3
2157,088,4,stag1,14,4
2158,088,4,hare1,8,8
2159,088,4,hare2,11,5
2160,088,4,player1,8,8
2161,088,4,player2,11,6
2162,088,5,stag1,4,11
2163,088,5,hare1,1,2
2164,088,5,hare2,11,1
2165,088,5,player1,11,1
2166,088,5,player2,11,1
2167,089,1,hare1,1,5
2168,089,1,hare2,3,9
2169,089,1,stag1,10,0
2170,089,1,player1,3,9
2171,089,1,player2,3,4
2172,089,2,stag1,13,6
2173,089,2,hare1,9,5
2174,089,2,hare2,14,13
2175,089,2,player1,13,6
2176,089,2,player2,11,5
2177,089,3,stag1,1,12
2178,089,3,hare1,7,11
2179,089,3,hare2,7,13
2180,089,3,player1,9,5
2181,089,3,player2,12,7
2182,089,4,stag1,13,1
2183,089,4,hare1,7,4
2184,089,4,hare2,10,5
2185,089,4,player1,0,12
2186,089,4,player2,0,12
2187,089,5,stag1,2,12
2188,089,5,hare1,5,9
2189,089,5,hare2,6,7
2190,089,5,player1,13,0
2191,089,5,player2,13,1
2192,090,1,hare1,9,0
2193,090,1,hare2,9,10
2194,090,1,stag1,5,5
2195,090,1,player1,5,5
2196,090,1,player2,11,10
2197,090,2,stag1,13,14
2198,090,2,hare1,5,10
2199,090,2,hare2,5,12
2200,090,2,player1,9,10
2201,090,2,player2,5,10
2202,090,3,stag1,12,5
2203,090,3,hare1,6,14
2204,090,3,hare2,5,7
2205,090,3,player1,5,12
2206,090,3,player2,12,10
2207,090,4,stag1,0,4
2208,090,4,hare1,2,14
2209,090,4,hare2,5,14
2210,090,4,player1,13,5
2211,090,4,player2,12,5
2212,090,5,stag1,3,12
2213,090,5,hare1,0,13
2214,090,5,hare2,10,13
2215,090,5,player1,3,12
2216,090,5,player2,10,11
2217,091,1,hare1,4,8
2218,091,1,hare2,9,9
2219,091,1,stag1,0,14
2220,091,1,player1,4,7
2221,091,2,stag1,5,7
2222,091,2,hare1,13,13
2223,091,2,hare2,4,9
2224,091,2,player1,0,14
2225,091,2,player2,9,9
2226,091,3,stag1,9,11
2227,091,3,hare1,2,9
2228,091,3,hare2,8,5
2229,091,3,player1,8,11
2230,091,3,player2,8,4
2231,091,4,stag1,5,2
2232,091,4,hare1,8,11
2233,091,4,hare2,7,7
2234,091,4,player1,5,2
2235,091,4,player2,7,7
2236,091,5,stag1,1,14
2237,091,5,hare1,5,2
2238,091,5,hare2,6,11
2239,091,5,player1,6,10
2240,091,5,player2,5,2
2241,092,1,hare1,5,13
2242,092,1,hare2,5,12
2243,092,1,stag1,6,5
2244,092,1,player1,7,4
2245,092,2,stag1,9,1
2246,092,2,hare1,2,2
2247,092,2,hare2,1,2
2248,092,2,player1,6,5
2249,092,2,player2,6,6
2250,092,3,stag1,4,5
2251,092,3,hare1,12,5
2252,092,3,hare2,13,1
2253,092,3,player1,9,1
2254,092,3,player2,9,2
2255,092,4,stag1,7,4
2256,092,4,hare1,2,7
2257,092,4,hare2,6,10
2258,092,4,player1,4,5
2259,092,4,player2,4,5
2260,092,5,stag1,13,0
2261,092,5,hare1,14,8
2262,092,5,hare2,10,10
2263,092,5,player1,13,0
2264,092,5,player2,14,10
2265,093,1,hare1,9,3
2266,093,1,hare2,11,10
2267,093,1,stag1,10,6
2268,093,1,player1,10,5
2269,093,1,player2,11,10
2270,093,2,stag1,2,13
2271,093,2,hare1,10,2
2272,093,2,hare2,13,8
2273,093,2,player1,11,2
2274,093,2,player2,11,8
2275,093,3,stag1,5,13
2276,093,3,hare1,2,4
2277,093,3,hare2,7,7
2278,093,3,player1,5,13
2279,093,3,player2,7,7
2280,093,4,stag1,4,8
2281,093,4,hare1,7,8
2282,093,4,hare2,13,5
2283,093,4,player1,7,7
2284,093,4,player2,5,13
2285,093,5,stag1,0,10
2286,093,5,hare1,13,2
2287,093,5,hare2,5,2
2288,093,5,player1,4,8
2289,093,5,player2,4,8
2290,094,1,hare1,9,14
2291,094,1,hare2,13,0
2292,094,1,stag1,5,9
2293,094,1,player1,11,0
2294,094,2,stag1,6,4
2295,094,2,hare1,13,3
2296,094,2,hare2,8,6
2297,094,2,player1,6,5
2298,094,2,player2,8,6
2299,094,3,stag1,3,10
2300,094,3,hare1,14,0
2301,094,3,hare2,10,4
2302,094,3,player1,6,4
2303,094,3,player2,7,4
2304,094,4,stag1,5,3
2305,094,4,hare1,12,2
2306,094,4,hare2,1,7
2307,094,4,player1,3,10
2308,094,4,player2,3,11
2309,094,5,stag1,1,14
2310,094,5,hare1,0,6
2311,094,5,hare2,0,3
2312,094,5,player1,5,3
2313,094,5,player2,5,2
2314,095,1,hare1,1,10
2315,095,1,hare2,13,7
2316,095,1,stag1,11,7
2317,095,1,player1,10,13
2318,095,1,player2,13,7
2319,095,2,stag1,5,7
2320,095,2,hare1,6,11
2321,095,2,hare2,4,0
2322,095,2,player1,13,7
2323,095,2,player2,5,11
2324,095,3,stag1,1,1
2325,095,3,hare1,2,1
2326,095,3,hare2,0,3
2327,095,3,player1,4,0
2328,095,3,player2,11,7
2329,095,4,stag1,7,2
2330,095,4,hare1,5,8
2331,095,4,hare2,4,12
2332,095,4,player1,8,2
2333,095,4,player2,5,7
2334,095,5,stag1,4,1
2335,095,5,hare1,13,6
2336,095,5,hare2,4,12
2337,095,5,player1,4,2
2338,095,5,player2,13,5
2339,096,1,hare1,3,2
2340,096,1,hare2,5,14
2341,096,1,stag1,2,12
2342,096,1,player1,6,7
2343,096,2,stag1,5,0
2344,096,2,hare1,4,2
2345,096,2,hare2,1,3
2346,096,2,player1,2,12
2347,096,2,player2,2,11
2348,096,3,stag1,2,6
2349,096,3,hare1,2,12
2350,096,3,hare2,9,10
2351,096,3,player1,5,0
2352,096,3,player2,5,0
2353,096,4,stag1,13,8
2354,096,4,hare1,3,14
2355,096,4,hare2,10,4
2356,096,4,player1,2,6
2357,096,4,player2,1,6
2358,096,5,stag1,1,13
2359,096,5,hare1,0,14
2360,096,5,hare2,9,11
2361,096,5,player1,14,8
2362,096,5,player2,13,8
2363,097,1,hare1,2,9
2364,097,1,hare2,1,10
2365,097,1,stag1,13,8
2366,097,1,player1,13,4
2367,097,2,stag1,10,8
2368,097,2,hare1,8,13
2369,097,2,hare2,6,10
2370,097,2,player1,9,8
2371,097,2,player2,8,13
2372,097,3,stag1,1,9
2373,097,3,hare1,7,4
2374,097,3,hare2,5,9
2375,097,3,player1,6,10
2376,097,3,player2,8,10
2377,097,4,stag1,3,8
2378,097,4,hare1,11,5
2379,097,4,hare2,14,13
2380,097,4,player1,1,9
2381,097,4,player2,1,9
2382,097,5,stag1,1,3
2383,097,5,hare1,6,3
2384,097,5,hare2,2,13
2385,097,5,player1,3,8
2386,097,5,player2,3,8
2387,098,1,hare1,2,10
2388,098,1,hare2,13,7
2389,098,1,stag1,11,6
2390,098,1,player1,11,6
2391,098,1,player2,13,7
2392,098,2,stag1,6,6
2393,098,2,hare1,8,3
2394,098,2,hare2,4,12
2395,098,2,player1,11,6
2396,098,2,player2,11,6
2397,098,3,stag1,7,9
2398,098,3,hare1,1,1
2399,098,3,hare2,1,11
2400,098,3,player1,6,6
2401,098,3,player2,7,6
2402,098,4,stag1,11,11
2403,098,4,hare1,8,12
2404,098,4,hare2,3,14
2405,098,4,player1,7,9
2406,098,4,player2,7,9
2407,098,5,stag1,12,6
2408,098,5,hare1,11,8
2409,098,5,hare2,2,2
2410,098,5,player1,11,11
2411,098,5,player2,11,12
2412,099,1,hare1,1,7
2413,099,1,hare2,2,2
2414,099,1,stag1,3,11
2415,099,1,player1,13,4
2416,099,2,stag1,3,14
2417,099,2,hare1,2,14
2418,099,2,hare2,1,1
2419,099,2,player1,2,6
2420,099,2,player2,2,14
2421,099,3,stag1,1,2
2422,099,3,hare1,13,12
2423,099,3,hare2,7,9
2424,099,3,player1,7,9
2425,099,3,player2,2,2
2426,099,4,stag1,6,12
2427,099,4,hare1,3,12
2428,099,4,hare2,4,8
2429,099,4,player1,3,12
2430,099,4,player2,7,9
2431,099,5,stag1,3,5
2432,099,5,hare1,8,8
2433,099,5,hare2,2,11
2434,099,5,player1,3,12
2435,099,5,player2,3,8
2436,100,1,hare1,3,4
2437,100,1,hare2,1,8
2438,100,1,stag1,13,11
2439,100,1,player1,7,6
2440,100,1,player2,1,4
2441,100,2,stag1,1,9
2442,100,2,hare1,14,9
2443,100,2,hare2,7,2
2444,100,2,player1,2,8
2445,100,2,player2,1,10
2446,100,3,stag1,4,12
2447,100,3,hare1,4,5
2448,100,3,hare2,0,9
2449,100,3,player1,0,9
2450,100,3,player2,3,9
2451,100,4,stag1,2,12
2452,100,4,hare1,14,11
2453,100,4,hare2,10,5
2454,100,4,player1,12,10
2455,100,4,player2,14,11
2456,100,5,stag1,2,7
2457,100,5,hare1,12,1
2458,100,5,hare2,0,0
2459,100,5,player1,0,0
2460,100,5,player2,10,1
2461,101,1,hare1,2,0
2462,101,1,hare2,10,2
2463,101,1,stag1,8,7
2464,101,1,player1,10,2
2465,101,1,player2,12,9
2466,101,2,stag1,5,12
2467,101,2,hare1,4,2
2468,101,2,hare2,1,2
2469,101,2,player1,8,7
2470,101,2,player2,8,7
2471,101,3,stag1,8,6
2472,101,3,hare1,9,12
2473,101,3,hare2,1,6
2474,101,3,player1,5,12
2475,101,3,player2,6,12
2476,101,4,stag1,9,12
2477,101,4,hare1,14,14
2478,101,4,hare2,7,1
2479,101,4,player1,8,6
2480,101,4,player2,7,6
2481,101,5,stag1,5,3
2482,101,5,hare1,6,5
2483,101,5,hare2,7,5
2484,101,5,player1,9,12
2485,101,5,player2,8,12
2486,102,1,hare1,0,0
2487,102,1,hare2,4,0
2488,102,1,stag1,11,1
2489,102,1,player1,1,0
2490,102,2,stag1,8,0
2491,102,2,hare1,12,11
2492,102,2,hare2,7,11
2493,102,2,player1,11,1
2494,102,2,player2,11,2
2495,102,3,stag1,6,14
2496,102,3,hare1,0,9
2497,102,3,hare2,1,10
2498,102,3,player1,8,0
2499,102,3,player2,8,1
2500,102,4,stag1,3,4
2501,102,4,hare1,13,14
2502,102,4,hare2,10,14
2503,102,4,player1,6,14
2504,102,4,player2,7,14
2505,102,5,stag1,9,4
2506,102,5,hare1,10,9
2507,102,5,hare2,6,3
2508,102,5,player1,3,4
2509,102,5,player2,3,4
2510,103,1,hare1,12,10
2511,103,1,hare2,11,0
2512,103,1,stag1,3,12
2513,103,1,player1,5,4
2514,103,1,player2,12,10
2515,103,2,stag1,8,6
2516,103,2,hare1,6,9
2517,103,2,hare2,0,4
2518,103,2,player1,0,3
2519,103,2,player2,8,6
2520,103,3,stag1,10,0
2521,103,3,hare1,9,11
2522,103,3,hare2,14,12
2523,103,3,player1,9,12
2524,103,3,player2,14,12
2525,103,4,stag1,5,13
2526,103,4,hare1,12,4
2527,103,4,hare2,0,3
2528,103,4,player1,5,12
2529,103,4,player2,12,4
2530,103,5,stag1,3,4
2531,103,5,hare1,9,11
2532,103,5,hare2,4,0
2533,103,5,player1,3,0
2534,103,5,player2,11,11
2535,104,1,hare1,2,2
2536,104,1,hare2,8,8
2537,104,1,stag1,8,0
2538,104,1,player1,7,2
2539,104,2,stag1,12,10
2540,104,2,hare1,13,8
2541,104,2,hare2,6,8
2542,104,2,player1,11,10
2543,104,2,player2,13,7
2544,104,3,stag1,2,3
2545,104,3,hare1,8,14
2546,104,3,hare2,3,5
2547,104,3,player1,5,4
2548,104,3,player2,8,14
2549,104,4,stag1,13,14
2550,104,4,hare1,8,8
2551,104,4,hare2,0,0
2552,104,4,player1,9,8
2553,104,4,player2,13,14
2554,104,5,stag1,0,9
2555,104,5,hare1,4,2
2556,104,5,hare2,1,14
2557,104,5,player1,0,10
2558,104,5,player2,0,14
2559,105,1,hare1,1,2
2560,105,1,hare2,6,13
2561,105,1,stag1,14,13
2562,105,1,player1,4,12
2563,105,2,stag1,10,8
2564,105,2,hare1,12,13
2565,105,2,hare2,3,11
2566,105,2,player1,14,13
2567,105,2,player2,14,13
2568,105,3,stag1,3,3
2569,105,3,hare1,7,1
2570,105,3,hare2,8,12
2571,105,3,player1,10,8
2572,105,3,player2,10,8
2573,105,4,stag1,12,3
2574,105,4,hare1,4,1
2575,105,4,hare2,2,10
2576,105,4,player1,3,3
2577,105,4,player2,3,3
2578,105,5,stag1,2,10
2579,105,5,hare1,2,13
2580,105,5,hare2,4,12
2581,105,5,player1,12,3
2582,105,5,player2,12,3
2583,106,1,hare1,12,11
2584,106,1,hare2,1,14
2585,106,1,stag1,12,9
2586,106,1,player1,12,11
2587,106,1,player2,0,10
2588,106,2,stag1,10,0
2589,106,2,hare1,12,5
2590,106,2,hare2,12,6
2591,106,2,player1,12,9
2592,106,2,player2,13,6
2593,106,3,stag1,5,8
2594,106,3,hare1,1,7
2595,106,3,hare2,14,4
2596,106,3,player1,10,0
2597,106,3,player2,9,0
2598,106,4,stag1,14,3
2599,106,4,hare1,10,5
2600,106,4,hare2,0,6
2601,106,4,player1,13,4
2602,106,4,player2,0,6
2603,106,5,stag1,7,2
2604,106,5,hare1,9,3
2605,106,5,hare2,12,5
2606,106,5,player1,7,2
2607,106,5,player2,7,3
2608,107,1,hare1,3,4
2609,107,1,hare2,11,9
2610,107,1,stag1,9,13
2611,107,1,player1,11,9
2612,107,1,player2,11,9
2613,107,2,stag1,7,12
2614,107,2,hare1,6,0
2615,107,2,hare2,2,0
2616,107,2,player1,9,13
2617,107,2,player2,9,13
2618,107,3,stag1,6,8
2619,107,3,hare1,8,7
2620,107,3,hare2,5,2
2621,107,3,player1,6,8
2622,107,3,player2,8,7
2623,107,4,stag1,11,2
2624,107,4,hare1,13,12
2625,107,4,hare2,9,2
2626,107,4,player1,12,2
2627,107,4,player2,13,12
2628,107,5,stag1,5,9
2629,107,5,hare1,12,14
2630,107,5,hare2,10,11
2631,107,5,player1,5,7
2632,107,5,player2,10,11
2633,108,1,hare1,4,1
2634,108,1,hare2,6,2
2635,108,1,stag1,8,11
2636,108,1,player1,8,11
2637,108,1,player2,6,2
2638,108,2,stag1,12,3
2639,108,2,hare1,2,7
2640,108,2,hare2,8,13
2641,108,2,player1,2,7
2642,108,2,player2,2,8
2643,108,3,stag1,10,14
2644,108,3,hare1,12,5
2645,108,3,hare2,2,8
2646,108,3,player1,10,14
2647,108,3,player2,12,4
2648,108,4,stag1,3,0
2649,108,4,hare1,0,7
2650,108,4,hare2,0,4
2651,108,4,player1,1,8
2652,108,4,player2,0,7
2653,108,5,stag1,12,10
2654,108,5,hare1,11,10
2655,108,5,hare2,6,14
2656,108,5,player1,12,10
2657,108,5,player2,7,14
2658,109,1,hare1,8,11
2659,109,1,hare2,1,4
2660,109,1,stag1,4,13
2661,109,1,player1,9,4
2662,109,2,stag1,13,0
2663,109,2,hare1,11,3
2664,109,2,hare2,1,0
2665,109,2,player1,13,0
2666,109,2,player2,11,1
2667,109,3,stag1,9,11
2668,109,3,hare1,12,14
2669,109,3,hare2,7,3
2670,109,3,player1,9,11
2671,109,3,player2,12,14
2672,109,4,stag1,7,5
2673,109,4,hare1,0,2
2674,109,4,hare2,12,2
2675,109,4,player1,9,11
2676,109,4,player2,9,12
2677,109,5,stag1,4,6
2678,109,5,hare1,10,5
2679,109,5,hare2,3,10
2680,109,5,player1,7,5
2681,109,5,player2,7,6
2682,110,1,hare1,11,12
2683,110,1,hare2,7,9
2684,110,1,stag1,14,3
2685,110,1,player1,7,7
2686,110,1,player2,11,9
2687,110,2,stag1,4,3
2688,110,2,hare1,14,1
2689,110,2,hare2,14,7
2690,110,2,player1,14,7
2691,110,2,player2,8,8
2692,110,3,stag1,4,9
2693,110,3,hare1,12,11
2694,110,3,hare2,9,9
2695,110,3,player1,9,9
2696,110,3,player2,5,9
2697,110,4,stag1,9,2
2698,110,4,hare1,0,11
2699,110,4,hare2,12,13
2700,110,4,player1,9,8
2701,110,4,player2,12,11
2702,110,5,stag1,8,6
2703,110,5,hare1,5,3
2704,110,5,hare2,4,1
2705,110,5,player1,9,2
2706,110,5,player2,9,1
2707,111,1,hare1,6,6
2708,111,1,hare2,1,7
2709,111,1,stag1,5,12
2710,111,1,player1,1,7
2711,111,1,player2,6,5
2712,111,2,stag1,10,5
2713,111,2,hare1,9,9
2714,111,2,hare2,4,7
2715,111,2,player1,5,12
2716,111,2,player2,5,12
2717,111,3,stag1,5,14
2718,111,3,hare1,9,6
2719,111,3,hare2,13,3
2720,111,3,player1,10,5
2721,111,3,player2,10,5
2722,111,4,stag1,11,12
2723,111,4,hare1,10,10
2724,111,4,hare2,10,11
2725,111,4,player1,10,11
2726,111,4,player2,11,12
2727,111,5,stag1,12,9
2728,111,5,hare1,3,0
2729,111,5,hare2,1,1
2730,111,5,player1,10,12
2731,111,5,player2,11,12
2732,112,1,hare1,5,8
2733,112,1,hare2,10,10
2734,112,1,stag1,3,0
2735,112,1,player1,5,7
2736,112,1,player2,10,10
2737,112,2,stag1,12,2
2738,112,2,hare1,8,13
2739,112,2,hare2,5,2
2740,112,2,player1,12,1
2741,112,2,player2,9,13
2742,112,3,stag1,2,14
2743,112,3,hare1,10,14
2744,112,3,hare2,12,12
2745,112,3,player1,12,12
2746,112,3,player2,8,14
2747,112,4,stag1,8,4
2748,112,4,hare1,2,0
2749,112,4,hare2,12,4
2750,112,4,player1,11,14
2751,112,4,player2,10,14
2752,112,5,stag1,2,7
2753,112,5,hare1,2,3
2754,112,5,hare2,13,5
2755,112,5,player1,8,3
2756,112,5,player2,8,4
2757,113,1,hare1,7,5
2758,113,1,hare2,6,0
2759,113,1,stag1,14,14
2760,113,1,player1,7,5
2761,113,1,player2,14,14
2762,113,2,stag1,7,5
2763,113,2,hare1,13,12
2764,113,2,hare2,2,5
2765,113,2,player1,14,14
2766,113,2,player2,5,0
2767,113,3,stag1,4,13
2768,113,3,hare1,3,12
2769,113,3,hare2,8,4
2770,113,3,player1,8,7
2771,113,3,player2,8,4
2772,113,4,stag1,0,5
2773,113,4,hare1,2,1
2774,113,4,hare2,6,11
2775,113,4,player1,0,5
2776,113,4,player2,4,11
2777,113,5,stag1,12,4
2778,113,5,hare1,12,1
2779,113,5,hare2,14,11
2780,113,5,player1,12,4
2781,113,5,player2,12,1
2782,114,1,hare1,12,11
2783,114,1,hare2,10,7
2784,114,1,stag1,8,1
2785,114,1,player1,12,3
2786,114,1,player2,10,7
2787,114,2,stag1,13,9
2788,114,2,hare1,1,12
2789,114,2,hare2,11,12
2790,114,2,player1,4,5
2791,114,2,player2,11,12
2792,114,3,stag1,6,14
2793,114,3,hare1,5,3
2794,114,3,hare2,1,0
2795,114,3,player1,6,8
2796,114,3,player2,5,1
2797,114,4,stag1,9,9
2798,114,4,hare1,13,4
2799,114,4,hare2,4,3
2800,114,4,player1,4,4
2801,114,4,player2,9,9
2802,114,5,stag1,13,8
2803,114,5,hare1,11,4
2804,114,5,hare2,2,1
2805,114,5,player1,1,10
2806,114,5,player2,11,3
2807,115,1,hare1,7,11
2808,115,1,hare2,11,13
2809,115,1,stag1,13,14
2810,115,1,player1,4,7
2811,115,1,player2,7,11
2812,115,2,stag1,8,1
2813,115,2,hare1,9,11
2814,115,2,hare2,11,1
2815,115,2,player1,7,11
2816,115,2,player2,9,11
2817,115,3,stag1,8,1
2818,115,3,hare1,3,0
2819,115,3,hare2,8,4
2820,115,3,player1,9,7
2821,115,3,player2,8,4
2822,115,4,stag1,8,0
2823,115,4,hare1,9,2
2824,115,4,hare2,14,14
2825,115,4,player1,9,1
2826,115,4,player2,8,0
2827,115,5,stag1,8,0
2828,115,5,hare1,12,0
2829,115,5,hare2,14,1
2830,115,5,player1,12,0
2831,115,5,player2,14,1
2832,116,1,hare1,12,0
2833,116,1,hare2,9,13
2834,116,1,stag1,2,2
2835,116,1,player1,9,13
2836,116,1,player2,4,4
2837,116,2,stag1,4,5
2838,116,2,hare1,12,12
2839,116,2,hare2,8,6
2840,116,2,player1,8,5
2841,116,2,player2,14,3
2842,116,3,stag1,5,0
2843,116,3,hare1,11,6
2844,116,3,hare2,12,6
2845,116,3,player1,10,6
2846,116,3,player2,12,6
2847,116,4,stag1,13,1
2848,116,4,hare1,8,13
2849,116,4,hare2,10,12
2850,116,4,player1,10,13
2851,116,4,player2,10,14
2852,116,5,stag1,7,12
2853,116,5,hare1,7,4
2854,116,5,hare2,12,14
2855,116,5,player1,12,14
2856,116,5,player2,7,14
2857,117,1,hare1,7,9
2858,117,1,hare2,13,0
2859,117,1,stag1,11,0
2860,117,1,player1,10,1
2861,117,2,stag1,0,0
2862,117,2,hare1,2,13
2863,117,2,hare2,12,12
2864,117,2,player1,12,0
2865,117,2,player2,11,0
2866,117,3,stag1,5,9
2867,117,3,hare1,8,14
2868,117,3,hare2,3,10
2869,117,3,player1,1,0
2870,117,3,player2,0,0
2871,117,4,stag1,13,3
2872,117,4,hare1,0,12
2873,117,4,hare2,8,6
2874,117,4,player1,5,9
2875,117,4,player2,5,9
2876,117,5,stag1,14,2
2877,117,5,hare1,7,9
2878,117,5,hare2,12,7
2879,117,5,player1,13,3
2880,117,5,player2,13,3
2881,118,1,hare1,4,14
2882,118,1,hare2,9,5
2883,118,1,stag1,14,0
2884,118,1,player1,6,11
2885,118,1,player2,9,5
2886,118,2,stag1,12,10
2887,118,2,hare1,7,8
2888,118,2,hare2,4,8
2889,118,2,player1,9,5
2890,118,2,player2,9,2
2891,118,3,stag1,0,6
2892,118,3,hare1,14,12
2893,118,3,hare2,2,11
2894,118,3,player1,3,11
2895,118,3,player2,12,9
2896,118,4,stag1,0,1
2897,118,4,hare1,13,0
2898,118,4,hare2,10,10
2899,118,4,player1,3,11
2900,118,4,player2,14,12
2901,118,5,stag1,13,9
2902,118,5,hare1,9,13
2903,118,5,hare2,5,8
2904,118,5,player1,1,1
2905,118,5,player2,0,1
2906,119,1,hare1,8,4
2907,119,1,hare2,14,1
2908,119,1,stag1,3,12
2909,119,1,player1,8,3
2910,119,1,player2,12,12
2911,119,2,stag1,6,12
2912,119,2,hare1,3,11
2913,119,2,hare2,8,8
2914,119,2,player1,8,12
2915,119,2,player2,6,8
2916,119,3,stag1,3,6
2917,119,3,hare1,9,10
2918,119,3,hare2,1,6
2919,119,3,player1,9,10
2920,119,3,player2,6,12
2921,119,4,stag1,2,8
2922,119,4,hare1,6,10
2923,119,4,hare2,14,6
2924,119,4,player1,6,10
2925,119,4,player2,4,6
2926,119,5,stag1,10,2
2927,119,5,hare1,5,7
2928,119,5,hare2,5,5
2929,119,5,player1,5,9
2930,119,5,player2,5,7
2931,120,1,hare1,10,13
2932,120,1,hare2,5,0
2933,120,1,stag1,10,12
2934,120,1,player1,13,10
2935,120,1,player2,4,0
2936,120,2,stag1,3,3
2937,120,2,hare1,9,12
2938,120,2,hare2,13,7
2939,120,2,player1,9,12
2940,120,2,player2,4,0
2941,120,3,stag1,1,0
2942,120,3,hare1,14,7
2943,120,3,hare2,1,4
2944,120,3,player1,2,4
2945,120,3,player2,14,7
2946,120,4,stag1,14,9
2947,120,4,hare1,5,11
2948,120,4,hare2,7,14
2949,120,4,player1,1,4
2950,120,4,player2,5,11
2951,120,5,stag1,1,3
2952,120,5,hare1,10,7
2953,120,5,hare2,3,12
2954,120,5,player1,3,12
2955,120,5,player2,5,6
2956,121,1,hare1,12,9
2957,121,1,hare2,8,6
2958,121,1,stag1,3,4
2959,121,1,player1,9,6
2960,121,1,player2,2,3
2961,121,2,stag1,12,6
2962,121,2,hare1,9,13
2963,121,2,hare2,13,6
2964,121,2,player1,13,6
2965,121,2,player2,9,11
2966,121,3,stag1,7,10
2967,121,3,hare1,13,12
2968,121,3,hare2,4,2
2969,121,3,player1,4,11
2970,121,3,player2,13,12
2971,121,4,stag1,10,6
2972,121,4,hare1,8,11
2973,121,4,hare2,3,13
2974,121,4,player1,11,7
2975,121,4,player2,8,11
2976,121,5,stag1,14,5
2977,121,5,hare1,9,1
2978,121,5,hare2,10,13
2979,121,5,player1,9,1
2980,121,5,player2,10,2
2981,122,1,hare1,2,0
2982,122,1,hare2,1,5
2983,122,1,stag1,10,13
2984,122,1,player1,7,2
2985,122,2,stag1,10,14
2986,122,2,hare1,5,0
2987,122,2,hare2,10,5
2988,122,2,player1,5,0
2989,122,2,player2,10,14
2990,122,3,stag1,1,13
2991,122,3,hare1,2,14
2992,122,3,hare2,11,4
2993,122,3,player1,10,14
2994,122,3,player2,10,14
2995,122,4,stag1,5,6
2996,122,4,hare1,12,10
2997,122,4,hare2,2,6
2998,122,4,player1,5,6
2999,122,4,player2,2,5
3000,122,5,stag1,3,3
3001,122,5,hare1,5,14
3002,122,5,hare2,0,12
3003,122,5,player1,5,6
3004,122,5,player2,5,7
3005,123,1,hare1,0,3
3006,123,1,hare2,12,2
3007,123,1,stag1,2,12
3008,123,1,player1,13,1
3009,123,1,player2,12,2
3010,123,2,stag1,9,10
3011,123,2,hare1,2,10
3012,123,2,hare2,0,8
3013,123,2,player1,12,2
3014,123,2,player2,11,7
3015,123,3,stag1,2,3
3016,123,3,hare1,3,0
3017,123,3,hare2,0,9
3018,123,3,player1,9,10
3019,123,3,player2,9,10
3020,123,4,stag1,1,7
3021,123,4,hare1,6,0
3022,123,4,hare2,7,3
3023,123,4,player1,2,2
3024,123,4,player2,2,3
3025,123,5,stag1,4,1
3026,123,5,hare1,13,6
3027,123,5,hare2,13,8
3028,123,5,player1,1,7
3029,123,5,player2,1,7
